ReportDate,year,genMale,genFemale,genUnkn
2020-03-04,2020,0,0,0
2020-03-05,2020,0,0,0
2020-03-06,2020,0,0,0
2020-03-07,2020,0,0,0
2020-03-08,2020,0,0,0
2020-03-09,2020,0,0,0
2020-03-10,2020,0,0,0
2020-03-11,2020,0,0,0
2020-03-12,2020,6,6,0
2020-03-13,2020,9,6,0
2020-03-14,2020,16,10,0
2020-03-15,2020,0,0,0
2020-03-16,2020,21,16,0
2020-03-17,2020,0,0,0
2020-03-18,2020,49,36,0
2020-03-19,2020,59,48,0
2020-03-20,2020,80,69,0
2020-03-21,2020,84,106,0
2020-03-22,2020,129,116,0
2020-03-23,2020,149,140,0
2020-03-24,2020,178,171,0
2020-03-25,2020,212,211,0
2020-03-26,2020,298,282,0
2020-03-27,2020,392,382,0
2020-03-28,2020,487,505,0
2020-03-29,2020,605,634,0
2020-03-30,2020,697,716,0
2020-03-31,2020,804,856,0
2020-04-01,2020,969,1016,0
2020-04-02,2020,1137,1194,0
2020-04-03,2020,1323,1435,0
2020-04-04,2020,1485,1640,0
2020-04-05,2020,1694,1915,0
2020-04-06,2020,1890,2155,0
2020-04-07,2020,2042,2329,0
2020-04-08,2020,2574,2955,0
2020-04-09,2020,2865,3320,0
2020-04-10,2020,3215,3753,0
2020-04-11,2020,3554,4140,0
2020-04-12,2020,3787,4438,0
2020-04-13,2020,4105,4831,0
2020-04-14,2020,4340,5132,0
2020-04-15,2020,4593,5439,0
2020-04-16,2020,4967,5817,0
2020-04-17,2020,5323,6249,0
2020-04-18,2020,5656,6652,0
2020-04-19,2020,5907,6923,0
2020-04-20,2020,6310,7374,0
2020-04-21,2020,6570,7623,0
2020-04-22,2020,6821,7954,0
2020-04-23,2020,7290,8447,0
2020-04-24,2020,7742,8874,0
2020-04-25,2020,8268,9498,0
2020-04-26,2020,8618,9963,0
2020-04-27,2020,9027,10460,0
2020-04-28,2020,9363,10750,0
2020-04-29,2020,9719,11130,0
2020-04-30,2020,10147,11595,0
2020-05-01,2020,10972,12500,0
2020-05-02,2020,11468,13005,0
2020-05-03,2020,11969,13493,0
2020-05-04,2020,12472,13936,0
2020-05-05,2020,12801,14316,0
2020-05-06,2020,13315,14848,0
2020-05-07,2020,13902,15472,0
2020-05-08,2020,14447,16038,0
2020-05-09,2020,14974,16560,0
2020-05-10,2020,15486,17101,0
2020-05-11,2020,15868,17505,0
2020-05-12,2020,16209,17852,0
2020-05-13,2020,16600,18212,0
2020-05-14,2020,17123,18780,0
2020-05-15,2020,17674,19312,0
2020-05-16,2020,18168,19800,0
2020-05-17,2020,18593,20211,0
2020-05-18,2020,19056,20706,0
2020-05-19,2020,19860,21686,0
2020-05-20,2020,20225,22098,0
2020-05-21,2020,20843,22688,0
2020-05-22,2020,21283,23141,0
2020-05-23,2020,21818,23677,0
2020-05-24,2020,22238,24075,0
2020-05-25,2020,22604,24548,0
2020-05-26,2020,22871,24816,0
2020-05-27,2020,23217,25206,0
2020-05-28,2020,23860,25849,0
2020-05-29,2020,24461,26527,0
2020-05-30,2020,24924,27091,0
2020-05-31,2020,25272,27506,0
2020-06-01,2020,25522,27805,0
2020-06-02,2020,25950,28225,0
2020-06-03,2020,26328,28654,0
2020-06-04,2020,26762,29096,0
2020-06-05,2020,27197,29573,0
2020-06-06,2020,27533,29949,0
2020-06-07,2020,27758,30215,0
2020-06-08,2020,27969,30435,0
2020-06-09,2020,28237,30667,0
2020-06-10,2020,28502,30963,0
2020-06-11,2020,28875,31322,0
2020-06-12,2020,29082,31531,0
2020-06-13,2020,29435,31870,0
2020-06-14,2020,29619,32082,0
2020-06-15,2020,29791,32241,0
2020-06-16,2020,29994,32415,0
2020-06-17,2020,30254,32715,0
2020-06-18,2020,30380,32849,0
2020-06-19,2020,30531,33017,0
2020-06-20,2020,30722,33234,0
2020-06-21,2020,30888,33418,0
2020-06-22,2020,31023,33580,0
2020-06-23,2020,31238,33769,0
2020-06-24,2020,31406,33931,0
2020-06-25,2020,31635,34142,0
2020-06-26,2020,31792,34323,0
2020-06-27,2020,31965,34485,0
2020-06-28,2020,32128,34649,0
2020-06-29,2020,32385,34869,0
2020-06-30,2020,32547,35012,0
2020-07-01,2020,32711,35207,0
2020-07-02,2020,32956,35467,0
2020-07-03,2020,33223,35738,0
2020-07-04,2020,33416,35925,0
2020-07-05,2020,33555,36077,0
2020-07-06,2020,33677,36227,0
2020-07-07,2020,33893,36503,0
2020-07-08,2020,34098,36763,0
2020-07-09,2020,34370,37077,0
2020-07-10,2020,34586,37324,0
2020-07-11,2020,34830,37637,0
2020-07-12,2020,35104,38005,0
2020-07-13,2020,35296,38231,0
2020-07-14,2020,35620,38640,0
2020-07-15,2020,35936,39080,0
2020-07-16,2020,36227,39437,0
2020-07-17,2020,36546,39825,0
2020-07-18,2020,36944,40262,0
2020-07-19,2020,37367,40764,0
2020-07-20,2020,37613,41072,0
2020-07-21,2020,38024,41521,0
2020-07-22,2020,38273,41899,0
2020-07-23,2020,38595,42241,0
2020-07-24,2020,39022,42744,0
2020-07-25,2020,39615,43439,0
2020-07-26,2020,39913,43835,0
2020-07-27,2020,40389,44487,0
2020-07-28,2020,40686,44838,0
2020-07-29,2020,41035,45250,0
2020-07-30,2020,41424,45753,0
2020-07-31,2020,41937,46409,0
2020-08-01,2020,42389,46976,0
2020-08-02,2020,42810,47464,0
2020-08-03,2020,43237,47907,0
2020-08-04,2020,43557,48297,0
2020-08-05,2020,43807,48619,0
2020-08-06,2020,44074,48931,0
2020-08-07,2020,44420,49386,0
2020-08-08,2020,44748,49833,0
2020-08-09,2020,45160,50343,0
2020-08-10,2020,45519,50739,0
2020-08-11,2020,45795,51048,0
2020-08-12,2020,46047,51337,0
2020-08-13,2020,46410,51750,0
2020-08-14,2020,46756,52119,0
2020-08-15,2020,47105,52588,0
2020-08-16,2020,47338,52874,0
2020-08-17,2020,47543,53172,0
2020-08-18,2020,47783,53452,0
2020-08-19,2020,47983,53666,0
2020-08-20,2020,48253,53976,0
2020-08-21,2020,48564,54335,0
2020-08-22,2020,48837,54686,0
2020-08-23,2020,49100,55002,0
2020-08-24,2020,49383,55286,0
2020-08-25,2020,49559,55487,0
2020-08-26,2020,49756,55730,0
2020-08-27,2020,50020,56043,0
2020-08-28,2020,50296,56368,0
2020-08-29,2020,50598,56696,0
2020-08-30,2020,50812,56979,0
2020-08-31,2020,51012,57237,0
2020-09-01,2020,51284,57579,0
2020-09-02,2020,51509,57810,0
2020-09-03,2020,51827,58185,0
2020-09-04,2020,52194,58637,0
2020-09-05,2020,52550,59057,0
2020-09-06,2020,52770,59349,0
2020-09-07,2020,53127,59756,0
2020-09-08,2020,53327,59912,0
2020-09-09,2020,53485,60090,0
2020-09-10,2020,53719,60359,0
2020-09-11,2020,54036,60688,0
2020-09-12,2020,54436,61097,0
2020-09-13,2020,54725,61385,0
2020-09-14,2020,54989,61657,0
2020-09-15,2020,55280,61965,0
2020-09-16,2020,55598,62290,0
2020-09-17,2020,55863,62656,0
2020-09-18,2020,56109,62953,0
2020-09-19,2020,56442,63302,0
2020-09-20,2020,56622,63534,0
2020-09-21,2020,56833,63735,0
2020-09-22,2020,57011,63901,0
2020-09-23,2020,57197,64100,0
2020-09-24,2020,57445,64355,0
2020-09-25,2020,57702,64657,0
2020-09-26,2020,58007,64965,0
2020-09-27,2020,58211,65192,0
2020-09-28,2020,58447,65433,0
2020-09-29,2020,58649,65662,0
2020-09-30,2020,58832,65893,0
2020-10-01,2020,59281,66229,0
2020-10-02,2020,59637,66585,0
2020-10-03,2020,59915,66904,0
2020-10-04,2020,60116,67174,0
2020-10-05,2020,60370,67421,0
2020-10-06,2020,60592,67612,0
2020-10-07,2020,60821,67843,0
2020-10-08,2020,61196,68229,0
2020-10-09,2020,61537,68622,0
2020-10-10,2020,61838,68957,0
2020-10-11,2020,62085,69272,0
2020-10-12,2020,62326,69535,0
2020-10-13,2020,62570,69773,0
2020-10-14,2020,62842,70076,0
2020-10-15,2020,63141,70407,0
2020-10-16,2020,63544,70785,0
2020-10-17,2020,63941,71186,0
2020-10-18,2020,64180,71477,0
2020-10-19,2020,64394,71760,0
2020-10-20,2020,64674,72070,0
2020-10-21,2020,64909,72327,0
2020-10-22,2020,65280,72699,0
2020-10-23,2020,65630,73061,0
2020-10-24,2020,66030,73457,0
2020-10-25,2020,66397,73882,0
2020-10-26,2020,66661,74183,0
2020-10-27,2020,67125,74616,0
2020-10-28,2020,67450,74975,0
2020-10-29,2020,67904,75483,0
2020-10-30,2020,68330,75984,0
2020-10-31,2020,68804,76477,0
2020-11-01,2020,69220,76925,0
2020-11-02,2020,69605,77390,0
2020-11-03,2020,69992,77774,0
2020-11-04,2020,70476,78290,0
2020-11-05,2020,71050,78914,0
2020-11-06,2020,71826,79679,0
2020-11-07,2020,72504,80411,0
2020-11-08,2020,72986,81010,0
2020-11-09,2020,73634,81737,0
2020-11-10,2020,74286,82423,0
2020-11-11,2020,75105,83318,0
2020-11-12,2020,75772,84128,0
2020-11-13,2020,76668,85101,0
2020-11-14,2020,77791,86299,0
2020-11-15,2020,78616,87314,0
2020-11-16,2020,79410,88246,0
2020-11-17,2020,80490,89315,0
2020-11-18,2020,81447,90376,0
2020-11-19,2020,82822,91911,0
2020-11-20,2020,83908,93178,0
2020-11-21,2020,85324,94647,0
2020-11-22,2020,86296,95843,0
2020-11-23,2020,87097,96700,0
2020-11-24,2020,87907,97557,0
2020-11-25,2020,89130,99031,0
2020-11-26,2020,90189,100291,0
2020-11-27,2020,91307,101551,0
2020-11-28,2020,92083,102365,0
2020-11-29,2020,93002,103445,0
2020-11-30,2020,93913,104457,0
2020-12-01,2020,95311,105824,0
2020-12-02,2020,96412,106943,0
2020-12-03,2020,97303,108096,0
2020-12-04,2020,99111,110080,0
2020-12-05,2020,100635,111749,0
2020-12-06,2020,101905,113122,0
2020-12-07,2020,102981,114348,0
2020-12-08,2020,104321,115640,0
2020-12-09,2020,105559,117094,0
2020-12-10,2020,107037,118818,0
2020-12-11,2020,108279,120192,0
2020-12-12,2020,109890,122119,0
2020-12-13,2020,111090,123557,0
2020-12-14,2020,112202,124759,0
2020-12-15,2020,113386,125976,0
2020-12-16,2020,114578,127189,0
2020-12-17,2020,115659,128325,0
2020-12-18,2020,116889,129664,0
2020-12-19,2020,117960,130794,0
2020-12-20,2020,118938,131870,0
2020-12-21,2020,119967,133106,0
2020-12-22,2020,121173,134224,0
2020-12-23,2020,122374,135488,0
2020-12-24,2020,123758,136970,0
2020-12-25,2020,124920,138240,0
2020-12-26,2020,126041,139399,0
2020-12-27,2020,126895,140303,0
2020-12-28,2020,127836,141347,0
2020-12-29,2020,128817,142244,0
2020-12-30,2020,130066,143623,0
2020-12-31,2020,131483,145179,0
2021-01-01,2021,133150,147069,0
2021-01-02,2021,134525,148646,0
2021-01-03,2021,135540,149779,0
2021-01-04,2021,136749,151053,0
2021-01-05,2021,137745,152013,0
2021-01-06,2021,139233,153671,0
2021-01-07,2021,140648,155226,0
2021-01-08,2021,142416,157190,0
2021-01-09,2021,144230,159134,0
2021-01-10,2021,145776,160898,0
2021-01-11,2021,147179,162507,0
2021-01-12,2021,148550,163801,0
2021-01-13,2021,149727,165140,0
2021-01-14,2021,151139,166676,0
2021-01-15,2021,152473,168266,0
2021-01-16,2021,153983,170048,0
2021-01-17,2021,155158,171287,0
2021-01-18,2021,156016,172198,0
2021-01-19,2021,157018,173168,0
2021-01-20,2021,158068,174285,0
2021-01-21,2021,159067,175452,0
2021-01-22,2021,160193,176722,0
2021-01-23,2021,161342,177965,0
2021-01-24,2021,162331,179121,0
2021-01-25,2021,163163,179975,0
2021-01-26,2021,163883,180737,0
2021-01-27,2021,164841,181718,0
2021-01-28,2021,165867,182882,0
2021-01-29,2021,166757,183872,0
2021-01-30,2021,167714,185012,0
2021-01-31,2021,168491,185982,0
2021-02-01,2021,169037,186599,0
2021-02-02,2021,169510,187031,0
2021-02-03,2021,169942,187541,0
2021-02-04,2021,170726,188311,0
2021-02-05,2021,171473,189111,0
2021-02-06,2021,172201,189883,0
2021-02-07,2021,172943,190707,0
2021-02-08,2021,173384,191169,0
2021-02-09,2021,173863,191666,0
2021-02-10,2021,174460,192206,0
2021-02-11,2021,175025,192840,0
2021-02-12,2021,175578,193399,0
2021-02-13,2021,176196,193940,0
2021-02-14,2021,176601,194382,0
2021-02-15,2021,176954,194751,0
2021-02-16,2021,177208,195013,0
2021-02-17,2021,177580,195400,0
2021-02-18,2021,178082,195884,0
2021-02-19,2021,178558,196416,0
2021-02-20,2021,178949,196788,0
2021-02-21,2021,179237,197118,0
2021-02-22,2021,179525,197441,0
2021-02-23,2021,179883,197745,0
2021-02-24,2021,180323,198167,0
2021-02-25,2021,180832,198634,0
2021-02-26,2021,181355,199081,0
2021-02-27,2021,181781,199491,0
2021-02-28,2021,182190,199909,0
2021-03-01,2021,182476,200226,0
2021-03-02,2021,182715,200455,0
2021-03-03,2021,183113,200843,0
2021-03-04,2021,183510,201255,0
2021-03-05,2021,183947,201731,0
2021-03-06,2021,184408,202202,0
2021-03-07,2021,184730,202589,0
2021-03-08,2021,185046,202989,0
2021-03-09,2021,185390,203276,0
2021-03-10,2021,185849,203717,0
2021-03-11,2021,186331,204159,0
2021-03-12,2021,186813,204667,0
2021-03-13,2021,187342,205239,0
2021-03-14,2021,187761,205680,0
2021-03-15,2021,188083,205975,0
2021-03-16,2021,188420,206296,0
2021-03-17,2021,188876,206757,0
2021-03-18,2021,189440,207306,0
2021-03-19,2021,190026,207872,0
2021-03-20,2021,190579,208437,0
2021-03-21,2021,191056,208967,0
2021-03-22,2021,191379,209326,0
2021-03-23,2021,191742,209685,0
2021-03-24,2021,192295,210305,0
2021-03-25,2021,192938,211044,0
2021-03-26,2021,193571,211772,0
2021-03-27,2021,194228,212481,0
2021-03-28,2021,194891,213153,0
2021-03-29,2021,195401,213674,0
2021-03-30,2021,195861,214117,0
2021-03-31,2021,196515,214829,0
2021-04-01,2021,197235,215693,0
2021-04-02,2021,197947,216438,0
2021-04-03,2021,198548,217112,0
2021-04-04,2021,199347,217982,0
2021-04-05,2021,199727,218461,0
2021-04-06,2021,200150,218905,0
2021-04-07,2021,200843,219683,0
2021-04-08,2021,201474,220349,0
2021-04-09,2021,202359,221304,0
2021-04-10,2021,203104,222143,0
2021-04-11,2021,203825,222905,0
2021-04-12,2021,204287,223428,0
2021-04-13,2021,204781,224018,0
2021-04-14,2021,205510,224841,0
2021-04-15,2021,206173,225622,0
2021-04-16,2021,206908,226451,0
2021-04-17,2021,207626,227233,0
2021-04-18,2021,208206,227822,0
2021-04-19,2021,208466,228193,0
2021-04-20,2021,208929,228655,0
2021-04-21,2021,209486,229303,0
2021-04-22,2021,210049,229943,0
2021-04-23,2021,210606,230549,0
2021-04-24,2021,211150,231201,0
2021-04-25,2021,211569,231688,0
2021-04-26,2021,211838,231976,0
2021-04-27,2021,212156,232335,0
2021-04-28,2021,212631,232862,0
2021-04-29,2021,213071,233388,0
2021-04-30,2021,213518,233883,0
2021-05-01,2021,213980,234360,0
2021-05-02,2021,214277,234712,0
2021-05-03,2021,214507,235002,0
2021-05-04,2021,214762,235248,0
2021-05-05,2021,215096,235593,0
2021-05-06,2021,215361,235906,0
2021-05-07,2021,215685,236350,0
2021-05-08,2021,216000,236691,0
2021-05-09,2021,216201,236924,0
2021-05-10,2021,216317,237084,0
2021-05-11,2021,216513,237287,0
2021-05-12,2021,216744,237527,0
2021-05-13,2021,216973,237772,0
2021-05-14,2021,217210,238047,0
2021-05-15,2021,217385,238250,0
2021-05-16,2021,217545,238459,0
2021-05-17,2021,217635,238581,0
2021-05-18,2021,217730,238698,0
2021-05-19,2021,217877,238888,0
2021-05-20,2021,218030,239054,0
2021-05-21,2021,218225,239302,0
2021-05-22,2021,218449,239599,0
2021-05-23,2021,218571,239721,0
2021-05-24,2021,218674,239846,0
2021-05-25,2021,218747,239933,0
2021-05-26,2021,218837,240041,0
2021-05-27,2021,218926,240169,0
2021-05-28,2021,219045,240298,0
2021-05-29,2021,219137,240391,0
2021-05-30,2021,219266,240511,0
2021-05-31,2021,219316,240578,0
2021-06-01,2021,219356,240639,0
2021-06-02,2021,219384,240676,0
2021-06-03,2021,219465,240729,0
2021-06-04,2021,219529,240810,0
2021-06-05,2021,219597,240874,0
2021-06-06,2021,219652,240923,0
2021-06-07,2021,219690,240969,0
2021-06-08,2021,219726,241011,0
2021-06-09,2021,219783,241080,0
2021-06-10,2021,219832,241152,0
2021-06-11,2021,219884,241213,0
2021-06-12,2021,219924,241259,0
2021-06-13,2021,219959,241306,0
2021-06-14,2021,219992,241333,0
2021-06-15,2021,220023,241369,0
2021-06-16,2021,220063,241407,0
2021-06-17,2021,220103,241446,0
2021-06-18,2021,220141,241494,0
2021-06-19,2021,220168,241529,0
2021-06-20,2021,220187,241552,0
2021-06-21,2021,220207,241572,0
2021-06-22,2021,220225,241603,0
2021-06-23,2021,220255,241632,0
2021-06-24,2021,220288,241665,0
2021-06-25,2021,220323,241694,0
2021-06-26,2021,220356,241722,0
2021-06-27,2021,220388,241756,0
2021-06-28,2021,220406,241775,0
2021-06-29,2021,220426,241791,0
2021-06-30,2021,220457,241822,0
2021-07-01,2021,220492,241862,0
2021-07-02,2021,220540,241899,0
2021-07-03,2021,220576,241959,0
2021-07-04,2021,220603,241993,0
2021-07-05,2021,220627,242007,0
2021-07-06,2021,220651,242030,0
2021-07-07,2021,220687,242049,0
2021-07-08,2021,220731,242104,0
2021-07-09,2021,220799,242181,0
2021-07-10,2021,220863,242244,0
2021-07-11,2021,220902,242284,0
2021-07-12,2021,220942,242323,0
2021-07-13,2021,220994,242389,0
2021-07-14,2021,221054,242433,0
2021-07-15,2021,221137,242528,0
2021-07-16,2021,221215,242633,0
2021-07-17,2021,221311,242720,0
2021-07-18,2021,221379,242818,0
2021-07-19,2021,221456,242880,0
2021-07-20,2021,221545,242946,0
2021-07-21,2021,221651,243084,0
2021-07-22,2021,221794,243244,0
2021-07-23,2021,221936,243390,0
2021-07-24,2021,222086,243557,0
2021-07-25,2021,222239,243710,0
2021-07-26,2021,222370,243835,0
2021-07-27,2021,222501,244013,0
2021-07-28,2021,222706,244224,0
2021-07-29,2021,222947,244488,0
2021-07-30,2021,223188,244773,0
2021-07-31,2021,223470,245078,0
2021-08-01,2021,223721,245374,0
2021-08-02,2021,223922,245620,0
2021-08-03,2021,224083,245827,0
2021-08-04,2021,224405,246200,0
2021-08-05,2021,224729,246605,0
2021-08-06,2021,225144,247080,0
2021-08-07,2021,225586,247530,0
2021-08-08,2021,225974,247995,0
2021-08-09,2021,226260,248295,0
2021-08-10,2021,226559,248625,0
2021-08-11,2021,226976,249094,0
2021-08-12,2021,227467,249650,0
2021-08-13,2021,227912,250155,0
2021-08-14,2021,228364,250719,0
2021-08-15,2021,228751,251201,0
2021-08-16,2021,229092,251626,0
2021-08-17,2021,229472,252097,0
2021-08-18,2021,229933,252648,0
2021-08-19,2021,230420,253221,0
2021-08-20,2021,230979,253868,0
2021-08-21,2021,231489,254489,0
2021-08-22,2021,231939,255029,0
2021-08-23,2021,232388,255505,0
2021-08-24,2021,232777,255963,0
2021-08-25,2021,233324,256606,0
2021-08-26,2021,233913,257261,0
2021-08-27,2021,234553,257994,0
2021-08-28,2021,235211,258704,0
2021-08-29,2021,235692,259290,0
2021-08-30,2021,236152,259772,0
2021-08-31,2021,236661,260341,0
2021-09-01,2021,237332,261044,0
2021-09-02,2021,237948,261700,0
2021-09-03,2021,238560,262475,0
2021-09-04,2021,239142,263087,0
2021-09-05,2021,239509,263525,0
2021-09-06,2021,239970,264091,0
2021-09-07,2021,240347,264509,0
2021-09-08,2021,240683,264874,0
2021-09-09,2021,241110,265354,0
2021-09-10,2021,241897,266120,0
2021-09-11,2021,242532,266861,0
2021-09-12,2021,243064,267479,0
2021-09-13,2021,243590,268056,0
2021-09-14,2021,244137,268603,0
2021-09-15,2021,244719,269210,0
2021-09-16,2021,245341,269918,0
2021-09-17,2021,246040,270744,0
2021-09-18,2021,246653,271408,0
2021-09-19,2021,247134,271963,0
2021-09-20,2021,247650,272586,0
2021-09-21,2021,248095,273115,0
2021-09-22,2021,248635,273720,0
2021-09-23,2021,249305,274455,0
2021-09-24,2021,249984,275139,0
2021-09-25,2021,250773,275917,0
2021-09-26,2021,251307,276497,0
2021-09-27,2021,251768,276996,0
2021-09-28,2021,252224,277512,0
2021-09-29,2021,252768,278093,0
2021-09-30,2021,253496,278844,0
2021-10-01,2021,254237,279633,0
2021-10-02,2021,254897,280260,0
2021-10-03,2021,255447,280802,0
2021-10-04,2021,255998,281329,0
2021-10-05,2021,256318,281658,0
2021-10-06,2021,256838,282215,0
2021-10-07,2021,257502,282949,0
2021-10-08,2021,258074,283553,0
2021-10-09,2021,258661,284225,0
2021-10-10,2021,259263,284956,0
2021-10-11,2021,259650,285378,0
2021-10-12,2021,259855,285584,0
2021-10-13,2021,260361,286191,0
2021-10-14,2021,260868,286807,0
2021-10-15,2021,261368,287375,0
2021-10-16,2021,261823,287856,0
2021-10-17,2021,262255,288295,0
2021-10-18,2021,262606,288658,0
2021-10-19,2021,262849,288958,0
2021-10-20,2021,263174,289350,0
2021-10-21,2021,263705,289888,0
2021-10-22,2021,264106,290350,0
2021-10-23,2021,264546,290820,0
2021-10-24,2021,264888,291195,0
2021-10-25,2021,265143,291452,0
2021-10-26,2021,265417,291775,0
2021-10-27,2021,265788,292135,0
2021-10-28,2021,266240,292612,0
2021-10-29,2021,266656,293107,0
2021-10-30,2021,267077,293557,0
2021-10-31,2021,267391,293879,0
2021-11-01,2021,267603,294115,0
2021-11-02,2021,267842,294358,0
2021-11-03,2021,268176,294720,0
2021-11-04,2021,268566,295130,0
2021-11-05,2021,268971,295593,0
2021-11-06,2021,269329,296026,0
2021-11-07,2021,269683,296399,0
2021-11-08,2021,269914,296723,0
2021-11-09,2021,270120,296965,0
2021-11-10,2021,270524,297405,0
2021-11-11,2021,270977,297937,0
2021-11-12,2021,271430,298393,0
2021-11-13,2021,271871,298935,0
2021-11-14,2021,272237,299388,0
2021-11-15,2021,272577,299765,0
2021-11-16,2021,272895,300149,0
2021-11-17,2021,273286,300549,0
2021-11-18,2021,273798,301116,0
2021-11-19,2021,274341,301655,0
2021-11-20,2021,274806,302207,0
2021-11-21,2021,275288,302731,0
2021-11-22,2021,275694,303157,0
2021-11-23,2021,276062,303529,0
2021-11-24,2021,276497,303999,0
2021-11-25,2021,277044,304567,0
2021-11-26,2021,277546,305062,0
2021-11-27,2021,277864,305435,0
2021-11-28,2021,278259,305878,0
2021-11-29,2021,278618,306281,0
2021-11-30,2021,279237,306906,0
2021-12-01,2021,279728,307557,0
2021-12-02,2021,280562,308551,0
2021-12-03,2021,281361,309452,0
2021-12-04,2021,282236,310443,0
2021-12-05,2021,282747,310929,0
2021-12-06,2021,283205,311450,0
2021-12-07,2021,283761,312083,0
2021-12-08,2021,284312,312739,0
2021-12-09,2021,285016,313555,0
2021-12-10,2021,285877,314439,0
2021-12-11,2021,286451,315105,0
2021-12-12,2021,287107,315810,0
2021-12-13,2021,287804,316563,0
2021-12-14,2021,288566,317517,0
2021-12-15,2021,289571,318703,0
2021-12-16,2021,291039,320380,0
2021-12-17,2021,292618,322334,0
2021-12-18,2021,294144,324159,0
2021-12-19,2021,295328,325447,0
2021-12-20,2021,295879,326080,0
2021-12-21,2021,298758,329639,0
2021-12-22,2021,300743,332273,0
2021-12-23,2021,303991,336544,0
2021-12-24,2021,308557,342608,0
2021-12-25,2021,312797,348296,0
2021-12-26,2021,315606,351681,0
2021-12-27,2021,318065,355006,0
2021-12-28,2021,321205,359146,0
2021-12-29,2021,326431,365830,0
2021-12-30,2021,333094,374613,0
2021-12-31,2021,338720,382094,0
2022-01-01,2022,345140,390583,0
2022-01-02,2022,350085,396920,0
2022-01-03,2022,356639,405285,0
2022-01-04,2022,363202,413969,0
2022-01-05,2022,368125,420259,0
2022-01-06,2022,374209,427893,0
2022-01-07,2022,379884,435007,0
2022-01-08,2022,385836,442820,0
2022-01-09,2022,393934,452594,0
2022-01-10,2022,398508,458172,0
2022-01-11,2022,403179,463814,0
2022-01-12,2022,408351,470328,0
2022-01-13,2022,413363,476543,0
2022-01-14,2022,418185,482210,0
2022-01-15,2022,423020,487733,0
2022-01-16,2022,426839,492128,0
2022-01-17,2022,429903,495852,0
2022-01-18,2022,431478,497709,0
2022-01-19,2022,433552,499988,0
2022-01-20,2022,437732,505040,0
2022-01-21,2022,440008,507776,0
2022-01-22,2022,442287,510565,0
2022-01-23,2022,443990,512648,0
2022-01-24,2022,445311,514115,0
2022-01-25,2022,446498,515503,0
2022-01-26,2022,447941,517160,0
2022-01-27,2022,449533,519007,0
2022-01-28,2022,451037,520676,0
2022-01-29,2022,452236,522004,0
2022-01-30,2022,453156,523089,0
2022-01-31,2022,453660,523710,0
2022-02-01,2022,454386,524566,0
2022-02-02,2022,455064,525362,0
2022-02-03,2022,456113,526485,0
2022-02-04,2022,456906,527385,0
2022-02-05,2022,457720,528262,0
2022-02-06,2022,458285,528862,0
2022-02-07,2022,458670,529272,0
2022-02-08,2022,459044,529694,0
2022-02-09,2022,459417,530115,0
2022-02-10,2022,459956,530675,0
2022-02-11,2022,460396,531173,0
2022-02-12,2022,460856,531654,0
2022-02-13,2022,461181,532047,0
2022-02-14,2022,461362,532291,0
2022-02-15,2022,461548,532548,0
2022-02-16,2022,461755,532822,0
2022-02-17,2022,462119,533209,0
2022-02-18,2022,462505,533677,0
2022-02-19,2022,462914,534127,0
2022-02-20,2022,463405,534731,0
2022-02-21,2022,463566,534939,0
2022-02-22,2022,463745,535143,0
2022-02-23,2022,463894,535335,0
2022-02-24,2022,464174,535716,0
2022-02-25,2022,464515,536047,0
2022-02-26,2022,464968,536541,0
2022-02-27,2022,465131,536759,0
2022-02-28,2022,465329,536950,0
2022-03-01,2022,465482,537152,0
2022-03-02,2022,465665,537374,0
2022-03-03,2022,465871,537639,0
2022-03-04,2022,466062,537846,0
2022-03-05,2022,466246,538044,0
2022-03-06,2022,466354,538185,0
2022-03-07,2022,466472,538290,0
2022-03-08,2022,466618,538438,0
2022-03-09,2022,466751,538582,0
2022-03-10,2022,466921,538795,0
2022-03-11,2022,467077,538985,0
2022-03-12,2022,467234,539198,0
2022-03-13,2022,467331,539305,0
2022-03-14,2022,467399,539383,0
2022-03-15,2022,467509,539531,0
2022-03-16,2022,467654,539718,0
2022-03-17,2022,467811,539937,0
2022-03-18,2022,468010,540168,0
2022-03-19,2022,468171,540365,0
2022-03-20,2022,468278,540462,0
2022-03-21,2022,468353,540562,0
2022-03-22,2022,468429,540668,0
2022-03-23,2022,468524,540819,0
2022-03-24,2022,468673,541032,0
2022-03-25,2022,468835,541261,0
2022-03-26,2022,469029,541468,0
2022-03-27,2022,469130,541592,0
2022-03-28,2022,469219,541715,0
2022-03-29,2022,469330,541881,0
2022-03-30,2022,469462,542036,0
2022-03-31,2022,469643,542276,0
2022-04-01,2022,469860,542497,0
2022-04-02,2022,470066,542756,0
2022-04-03,2022,470182,542907,0
2022-04-04,2022,470334,543062,0
2022-04-05,2022,470476,543220,0
2022-04-06,2022,470719,543504,0
2022-04-07,2022,470941,543773,0
2022-04-08,2022,471238,544120,0
2022-04-09,2022,471563,544466,0
2022-04-10,2022,471787,544751,0
2022-04-11,2022,471973,544998,0
2022-04-12,2022,472224,545246,0
2022-04-13,2022,472429,545497,0
2022-04-14,2022,472786,545915,0
2022-04-15,2022,473163,546324,0
2022-04-16,2022,473538,546813,0
2022-04-17,2022,473829,547190,0
2022-04-18,2022,474053,547505,0
2022-04-19,2022,474362,547863,0
2022-04-20,2022,474650,548211,0
2022-04-21,2022,475091,548814,0
2022-04-22,2022,475499,549421,0
2022-04-23,2022,475948,549977,0
2022-04-24,2022,476270,550438,0
2022-04-25,2022,476484,550704,0
2022-04-26,2022,476856,551170,0
2022-04-27,2022,477185,551567,0
2022-04-28,2022,477799,552345,0
2022-04-29,2022,478408,553125,0
2022-04-30,2022,478963,553812,0
2022-05-01,2022,479294,554209,0
2022-05-02,2022,479516,554486,0
2022-05-03,2022,479997,555011,0
2022-05-04,2022,480615,555723,0
2022-05-05,2022,481278,556585,0
2022-05-06,2022,482100,557676,0
2022-05-07,2022,482860,558761,0
2022-05-08,2022,483361,559475,0
2022-05-09,2022,483879,560216,0
2022-05-10,2022,484619,561102,0
2022-05-11,2022,485272,561989,0
2022-05-12,2022,486224,563247,0
2022-05-13,2022,487243,564695,0
2022-05-14,2022,488367,566180,0
2022-05-15,2022,489162,567256,0
2022-05-16,2022,489824,568127,0
2022-05-17,2022,490817,569426,0
2022-05-18,2022,491718,570517,0
2022-05-19,2022,492907,572098,0
2022-05-20,2022,494163,573858,0
2022-05-21,2022,495134,575071,0
2022-05-22,2022,495960,576093,0
2022-05-23,2022,496679,576978,0
2022-05-24,2022,497728,578411,0
2022-05-25,2022,498621,579501,0
2022-05-26,2022,499780,580967,0
2022-05-27,2022,500906,582518,0
2022-05-28,2022,501868,583760,0
2022-05-29,2022,502678,584782,0
2022-05-30,2022,503377,585615,0
2022-05-31,2022,503876,586260,0
2022-06-01,2022,504646,587263,0
2022-06-02,2022,505296,588118,0
2022-06-03,2022,506409,589494,0
2022-06-04,2022,507465,590806,0
2022-06-05,2022,508096,591646,0
2022-06-06,2022,508608,592291,0
2022-06-07,2022,509404,593321,0
2022-06-08,2022,510033,594051,0
2022-06-09,2022,510813,595027,0
2022-06-10,2022,511469,595922,0
2022-06-11,2022,512308,596971,0
2022-06-12,2022,512804,597618,0
2022-06-13,2022,513224,598140,0
2022-06-14,2022,513805,598900,0
2022-06-15,2022,514295,599554,0
2022-06-16,2022,515002,600480,0
2022-06-17,2022,515851,601546,0
2022-06-18,2022,516457,602328,0
2022-06-19,2022,516905,602868,0
2022-06-20,2022,517267,603360,0
2022-06-21,2022,517558,603774,0
2022-06-22,2022,518173,604619,0
2022-06-23,2022,518879,605511,0
2022-06-24,2022,519592,606496,0
2022-06-25,2022,520301,607421,0
2022-06-26,2022,520854,608100,0
2022-06-27,2022,521270,608640,0
2022-06-28,2022,521918,609453,0
2022-06-29,2022,522553,610252,0
2022-06-30,2022,523359,611162,0
2022-07-01,2022,524131,612186,0
2022-07-02,2022,524844,613065,0
2022-07-03,2022,525326,613734,0
2022-07-04,2022,525810,614395,0
2022-07-05,2022,526179,614807,0
2022-07-06,2022,526766,615600,0
2022-07-07,2022,527293,616278,0
2022-07-08,2022,528114,617330,0
2022-07-09,2022,528955,618407,0
2022-07-10,2022,529522,619162,0
2022-07-11,2022,529971,619704,0
2022-07-12,2022,530756,620667,0
2022-07-13,2022,531523,621680,0
2022-07-14,2022,532289,622690,0
2022-07-15,2022,533043,623718,0
2022-07-16,2022,533830,624755,0
2022-07-17,2022,534357,625513,0
2022-07-18,2022,534820,626122,0
2022-07-19,2022,535358,626741,0
2022-07-20,2022,536230,627905,0
2022-07-21,2022,537108,629085,0
2022-07-22,2022,537816,630106,0
2022-07-23,2022,538614,631167,0
2022-07-24,2022,539076,631763,0
2022-07-25,2022,539558,632389,0
2022-07-26,2022,540438,633416,0
2022-07-27,2022,541201,634316,0
2022-07-28,2022,542083,635409,0
2022-07-29,2022,542963,636442,0
2022-07-30,2022,543712,637497,0
2022-07-31,2022,544268,638175,0
2022-08-01,2022,544722,638780,0
2022-08-02,2022,545434,639751,0
2022-08-03,2022,546176,640541,0
2022-08-04,2022,547058,641632,0
2022-08-05,2022,547807,642603,0
2022-08-06,2022,548528,643434,0
2022-08-07,2022,549048,643993,0
2022-08-08,2022,549471,644534,0
2022-08-09,2022,550258,645477,0
2022-08-10,2022,551104,646380,0
2022-08-11,2022,552022,647378,0
2022-08-12,2022,552908,648432,0
2022-08-13,2022,553559,649321,0
2022-08-14,2022,553958,649846,0
2022-08-15,2022,554264,650209,0
2022-08-16,2022,554846,650928,0
2022-08-17,2022,555400,651614,0
2022-08-18,2022,556187,652604,0
2022-08-19,2022,556844,653473,0
2022-08-20,2022,557411,654223,0
2022-08-21,2022,557812,654692,0
2022-08-22,2022,558115,655085,0
2022-08-23,2022,558704,655881,0
2022-08-24,2022,559189,656498,0
2022-08-25,2022,559780,657276,0
2022-08-26,2022,560327,657988,0
2022-08-27,2022,560873,658729,0
2022-08-28,2022,561210,659141,0
2022-08-29,2022,561490,659525,0
2022-08-30,2022,561996,660154,0
2022-08-31,2022,562422,660689,0
2022-09-01,2022,563009,661451,0
2022-09-02,2022,563452,662084,0
2022-09-03,2022,563950,662747,0
2022-09-04,2022,564216,663094,0
2022-09-05,2022,564458,663381,0
2022-09-06,2022,564718,663684,0
2022-09-07,2022,565225,664369,0
2022-09-08,2022,565623,664861,0
2022-09-09,2022,566203,665620,0
2022-09-10,2022,566774,666314,0
2022-09-11,2022,567065,666658,0
2022-09-12,2022,567312,666948,0
2022-09-13,2022,567730,667555,0
2022-09-14,2022,568156,668143,0
2022-09-15,2022,568716,668813,0
2022-09-16,2022,569217,669518,0
2022-09-17,2022,569662,670057,0
2022-09-18,2022,569908,670377,0
2022-09-19,2022,570139,670678,0
2022-09-20,2022,570497,671205,0
2022-09-21,2022,570946,671720,0
2022-09-22,2022,571427,672329,0
2022-09-23,2022,571854,672893,0
2022-09-24,2022,572296,673436,0
2022-09-25,2022,572541,673755,0
2022-09-26,2022,572709,673994,0
2022-09-27,2022,573010,674422,0
2022-09-28,2022,573390,674931,0
2022-09-29,2022,573753,675428,0
2022-09-30,2022,574119,675913,0
2022-10-01,2022,574481,676363,0
2022-10-02,2022,574713,676654,0
2022-10-03,2022,574876,676856,0
2022-10-04,2022,575153,677205,0
2022-10-05,2022,575453,677590,0
2022-10-06,2022,575842,678038,0
2022-10-07,2022,576178,678487,0
2022-10-08,2022,576499,678885,0
2022-10-09,2022,576673,679130,0
2022-10-10,2022,576830,679332,0
2022-10-11,2022,577008,679568,0
2022-10-12,2022,577339,680019,0
2022-10-13,2022,577649,680415,0
2022-10-14,2022,577986,680827,0
2022-10-15,2022,578321,681275,0
2022-10-16,2022,578522,681500,0
2022-10-17,2022,578702,681705,0
2022-10-18,2022,579017,682128,0
2022-10-19,2022,579315,682519,0
2022-10-20,2022,579658,682933,0
2022-10-21,2022,579945,683334,0
2022-10-22,2022,580215,683740,0
2022-10-23,2022,580394,683965,0
2022-10-24,2022,580552,684179,0
2022-10-25,2022,580793,684563,0
2022-10-26,2022,581046,684929,0
2022-10-27,2022,581436,685445,0
2022-10-28,2022,581781,685959,0
2022-10-29,2022,582110,686449,0
2022-10-30,2022,582298,686709,0
2022-10-31,2022,582452,686879,0
2022-11-01,2022,582827,687316,0
2022-11-02,2022,583124,687720,0
2022-11-03,2022,583511,688229,0
2022-11-04,2022,583890,688685,0
2022-11-05,2022,584263,689184,0
2022-11-06,2022,584467,689456,0
2022-11-07,2022,584655,689719,0
2022-11-08,2022,585006,690202,0
2022-11-09,2022,585251,690504,0
2022-11-10,2022,585611,690947,0
2022-11-11,2022,585914,691388,0
2022-11-12,2022,586141,691666,0
2022-11-13,2022,586311,691880,0
2022-11-14,2022,586406,692037,0
2022-11-15,2022,586703,692506,0
2022-11-16,2022,586997,692886,0
2022-11-17,2022,587290,693340,0
2022-11-18,2022,587613,693745,0
2022-11-19,2022,587916,694192,0
2022-11-20,2022,588108,694450,0
2022-11-21,2022,588247,694614,0
2022-11-22,2022,588538,694997,0
2022-11-23,2022,588814,695362,0
2022-11-24,2022,589109,695798,0
2022-11-25,2022,589338,696064,0
2022-11-26,2022,589468,696231,0
2022-11-27,2022,589615,696445,0
2022-11-28,2022,589781,696656,0
2022-11-29,2022,590231,697284,0
2022-11-30,2022,590573,697735,0
2022-12-01,2022,591126,698480,0
2022-12-02,2022,591663,699195,0
2022-12-03,2022,592090,699764,0
2022-12-04,2022,592461,700247,0
2022-12-05,2022,592651,700520,0
2022-12-06,2022,592998,701040,0
2022-12-07,2022,593388,701528,0
2022-12-08,2022,593811,702139,0
2022-12-09,2022,594305,702787,0
2022-12-10,2022,594753,703461,0
2022-12-11,2022,595019,703865,0
2022-12-12,2022,595229,704145,0
2022-12-13,2022,595685,704826,0
2022-12-14,2022,596157,705398,0
2022-12-15,2022,596661,706113,0
2022-12-16,2022,597113,706716,0
2022-12-17,2022,597722,707478,0
2022-12-18,2022,598094,707954,0
2022-12-19,2022,598334,708353,0
2022-12-20,2022,598670,708807,0
2022-12-21,2022,599367,709725,0
2022-12-22,2022,599825,710312,0
2022-12-23,2022,600365,711033,0
2022-12-24,2022,600867,711762,0
2022-12-25,2022,601145,712182,0
2022-12-26,2022,601373,712490,0
2022-12-27,2022,601579,712760,0
2022-12-28,2022,601894,713077,0
2022-12-29,2022,602600,714062,0
2022-12-30,2022,603251,714983,0
2022-12-31,2022,603775,715741,0
2023-01-01,2023,604159,716224,0
2023-01-02,2023,604414,716559,0
2023-01-03,2023,604622,716821,0
2023-01-04,2023,605240,717703,0
2023-01-05,2023,605814,718462,0
2023-01-06,2023,606414,719285,0
2023-01-07,2023,606961,720198,0
2023-01-08,2023,607366,720628,0
2023-01-09,2023,607587,720983,0
2023-01-10,2023,608210,721913,0
2023-01-11,2023,608519,722503,0
2023-01-12,2023,608964,723058,0
2023-01-13,2023,609479,723616,0
2023-01-14,2023,609850,724073,0
2023-01-15,2023,610047,724437,0
2023-01-16,2023,610166,724684,0
2023-01-17,2023,610401,724875,0
2023-01-18,2023,610948,725481,0
2023-01-19,2023,611306,725971,0
2023-01-20,2023,611586,726389,0
2023-01-21,2023,611971,727103,0
2023-01-22,2023,612184,727471,0
2023-01-23,2023,612396,727754,0
2023-01-24,2023,612873,728250,0
2023-01-25,2023,613367,728715,0
2023-01-26,2023,613827,729222,0
2023-01-27,2023,614149,729757,0
2023-01-28,2023,614439,730256,0
2023-01-29,2023,614606,730454,0
2023-01-30,2023,614766,730657,0
2023-01-31,2023,615052,731144,0
2023-02-01,2023,615296,731610,0
2023-02-02,2023,615523,731973,0
2023-02-03,2023,615818,732509,0
2023-02-04,2023,616216,732951,0
2023-02-05,2023,616494,733169,0
2023-02-06,2023,616690,733291,0
2023-02-07,2023,617098,733684,0
2023-02-08,2023,617390,734018,0
2023-02-09,2023,617652,734504,0
2023-02-10,2023,617884,734977,0
2023-02-11,2023,618147,735412,0
2023-02-12,2023,618321,735732,0
2023-02-13,2023,618410,735962,0
2023-02-14,2023,618802,736290,0
2023-02-15,2023,619056,736558,0
2023-02-16,2023,619398,736866,0
2023-02-17,2023,619687,737184,0
2023-02-18,2023,619906,737502,0
2023-02-19,2023,620034,737784,0
2023-02-20,2023,620121,738004,0
2023-02-21,2023,620311,738117,0
2023-02-22,2023,620673,738442,0
2023-02-23,2023,620836,738750,0
2023-02-24,2023,621024,739096,0
2023-02-25,2023,621314,739382,0
2023-02-26,2023,621446,739550,0
2023-02-27,2023,621527,739754,0
2023-02-28,2023,621786,739991,0
2023-03-01,2023,621955,740241,0
2023-03-02,2023,622097,740588,0
2023-03-03,2023,622197,740864,0
2023-03-04,2023,622365,741221,0
2023-03-05,2023,622548,741309,0
2023-03-06,2023,622707,741385,0
2023-03-07,2023,622924,741576,0
2023-03-08,2023,623039,741827,0
2023-03-09,2023,623174,742123,0
2023-03-10,2023,623298,742407,0
2023-03-11,2023,623505,742570,0
2023-03-12,2023,623679,742676,0
2023-03-13,2023,623787,742782,0
2023-03-14,2023,623895,743034,0
2023-03-15,2023,624004,743293,0
2023-03-16,2023,624154,743442,0
2023-03-17,2023,624354,743597,0
2023-03-18,2023,624477,743792,0
2023-03-19,2023,624513,743943,0
2023-03-20,2023,624587,744042,0
2023-03-21,2023,624769,744163,0
2023-03-22,2023,624885,744356,0
2023-03-23,2023,625009,744644,0
2023-03-24,2023,625153,744904,0
2023-03-25,2023,625347,745061,0
2023-03-26,2023,625453,745164,0
2023-03-27,2023,625530,745308,0
2023-03-28,2023,625646,745462,0
2023-03-29,2023,625762,745579,0
2023-03-30,2023,625880,745792,0
2023-03-31,2023,626011,745949,0
2023-04-01,2023,626066,746167,0
2023-04-02,2023,626189,746227,0
2023-04-03,2023,626289,746304,0
2023-04-04,2023,626404,746455,0
2023-04-05,2023,626500,746582,0
2023-04-06,2023,626597,746709,0
2023-04-07,2023,626697,746847,0
2023-04-08,2023,626754,746980,0
2023-04-09,2023,626835,747066,0
2023-04-10,2023,626917,747157,0
2023-04-11,2023,626999,747276,0
2023-04-12,2023,627075,747378,0
2023-04-13,2023,627159,747500,0
2023-04-14,2023,627240,747614,0
2023-04-15,2023,627301,747724,0
2023-04-16,2023,627376,747809,0
2023-04-17,2023,627447,747888,0
2023-04-18,2023,627542,748042,0
2023-04-19,2023,627639,748172,0
2023-04-20,2023,627723,748292,0
2023-04-21,2023,627835,748410,0
2023-04-22,2023,627927,748540,0
2023-04-23,2023,628000,748619,0
2023-04-24,2023,628060,748723,0
2023-04-25,2023,628147,748825,0
2023-04-26,2023,628224,748928,0
2023-04-27,2023,628325,749028,0
2023-04-28,2023,628427,749139,0
2023-04-29,2023,628508,749254,0
2023-04-30,2023,628580,749337,0
2023-05-01,2023,628641,749412,0
2023-05-02,2023,628717,749509,0
2023-05-03,2023,628801,749613,0
2023-05-04,2023,628883,749698,0
2023-05-05,2023,628957,749804,0
2023-05-06,2023,629055,749924,0
2023-05-07,2023,629120,750007,0
2023-05-08,2023,629137,750047,0
2023-05-09,2023,629221,750164,0
2023-05-10,2023,629283,750262,0
2023-05-11,2023,629353,750372,0
2023-05-12,2023,629430,750478,0
2023-05-13,2023,629519,750586,0
2023-05-14,2023,629537,750618,0
2023-05-15,2023,629553,750647,0
2023-05-16,2023,629646,750748,0
2023-05-17,2023,629720,750836,0
2023-05-18,2023,629786,750943,0
2023-05-19,2023,629855,751047,0
2023-05-20,2023,629917,751155,0
2023-05-21,2023,629956,751230,0
2023-05-22,2023,629982,751277,0
2023-05-23,2023,630024,751329,0
2023-05-24,2023,630048,751358,0
2023-05-25,2023,630086,751394,0
2023-05-26,2023,630111,751435,0
2023-05-27,2023,630150,751480,0
2023-05-28,2023,630167,751513,0
2023-05-29,2023,630185,751534,0
2023-05-30,2023,630197,751552,0
2023-05-31,2023,630218,751585,0
2023-06-01,2023,630254,751643,0
2023-06-02,2023,630274,751687,0
2023-06-03,2023,630302,751735,0
2023-06-04,2023,630312,751767,0
2023-06-05,2023,630329,751782,0
2023-06-06,2023,630346,751819,0
2023-06-07,2023,630373,751850,0
2023-06-08,2023,630399,751880,0
2023-06-09,2023,630422,751916,0
2023-06-10,2023,630433,751947,0
2023-06-11,2023,630445,751974,0
2023-06-12,2023,630459,752000,0
2023-06-13,2023,630482,752058,0
2023-06-14,2023,630502,752090,0
2023-06-15,2023,630528,752126,0
2023-06-16,2023,630545,752161,0
2023-06-17,2023,630565,752195,0
2023-06-18,2023,630584,752213,0
2023-06-19,2023,630600,752222,0
2023-06-20,2023,630613,752241,0
2023-06-21,2023,630652,752288,0
2023-06-22,2023,630688,752329,0
2023-06-23,2023,630715,752363,0
2023-06-24,2023,630732,752404,0
2023-06-25,2023,630746,752417,0
2023-06-26,2023,630762,752433,0
2023-06-27,2023,630782,752453,0
2023-06-28,2023,630817,752502,0
2023-06-29,2023,630843,752540,0
2023-06-30,2023,630870,752582,0
2023-07-01,2023,630898,752616,0
2023-07-02,2023,630924,752639,0
2023-07-03,2023,630943,752662,0
2023-07-04,2023,630973,752707,0
2023-07-05,2023,630990,752736,0
2023-07-06,2023,631026,752785,0
2023-07-07,2023,631044,752824,0
2023-07-08,2023,631081,752869,0
2023-07-09,2023,631106,752893,0
2023-07-10,2023,631119,752910,0
2023-07-11,2023,631146,752971,0
2023-07-12,2023,631183,753015,0
2023-07-13,2023,631218,753052,0
2023-07-14,2023,631282,753152,0
2023-07-15,2023,631330,753200,0
2023-07-16,2023,631360,753244,0
2023-07-17,2023,631378,753275,0
2023-07-18,2023,631423,753334,0
2023-07-19,2023,631472,753386,0
2023-07-20,2023,631519,753451,0
2023-07-21,2023,631573,753504,0
2023-07-22,2023,631611,753555,0
2023-07-23,2023,631637,753604,0
2023-07-24,2023,631659,753637,0
2023-07-25,2023,631721,753723,0
2023-07-26,2023,631776,753819,0
2023-07-27,2023,631842,753898,0
2023-07-28,2023,631882,753961,0
2023-07-29,2023,631939,754049,0
2023-07-30,2023,631989,754098,0
2023-07-31,2023,632021,754146,0
2023-08-01,2023,632082,754240,0
2023-08-02,2023,632138,754313,0
2023-08-03,2023,632198,754394,0
2023-08-04,2023,632266,754500,0
2023-08-05,2023,632317,754567,0
2023-08-06,2023,632365,754660,0
2023-08-07,2023,632405,754706,0
2023-08-08,2023,632468,754808,0
2023-08-09,2023,632534,754917,0
2023-08-10,2023,632615,755023,0
2023-08-11,2023,632696,755171,0
2023-08-12,2023,632771,755298,0
2023-08-13,2023,632823,755368,0
2023-08-14,2023,632860,755435,0
2023-08-15,2023,632948,755573,0
2023-08-16,2023,633037,755694,0
2023-08-17,2023,633134,755852,0
2023-08-18,2023,633237,756002,0
2023-08-19,2023,633325,756146,0
2023-08-20,2023,633377,756219,0
2023-08-21,2023,633420,756288,0
2023-08-22,2023,633542,756475,0
2023-08-23,2023,633628,756627,0
2023-08-24,2023,633760,756815,0
2023-08-25,2023,633883,756993,0
2023-08-26,2023,633967,757114,0
2023-08-27,2023,634046,757216,0
2023-08-28,2023,634123,757281,0
2023-08-29,2023,634318,757539,0
2023-08-30,2023,634434,757700,0
2023-08-31,2023,634598,757929,0
2023-09-01,2023,634747,758147,0
2023-09-02,2023,634875,758343,0
2023-09-03,2023,634972,758462,0
2023-09-04,2023,635027,758563,0
2023-09-05,2023,635115,758662,0
2023-09-06,2023,635304,758946,0
2023-09-07,2023,635458,759207,0
2023-09-08,2023,635658,759469,0
2023-09-09,2023,635885,759776,0
2023-09-10,2023,636002,759938,0
2023-09-11,2023,636077,760038,0
2023-09-12,2023,636276,760309,0
2023-09-13,2023,636402,760511,0
2023-09-14,2023,636595,760811,0
2023-09-15,2023,636774,761067,0
2023-09-16,2023,636895,761251,0
2023-09-17,2023,636977,761367,0
2023-09-18,2023,637048,761448,0
2023-09-19,2023,637190,761679,0
2023-09-20,2023,637333,761853,0
2023-09-21,2023,637482,762065,0
2023-09-22,2023,637643,762288,0
2023-09-23,2023,637740,762478,0
2023-09-24,2023,637853,762607,0
2023-09-25,2023,637919,762667,0
2023-09-26,2023,638098,762940,0
2023-09-27,2023,638207,763089,0
2023-09-28,2023,638336,763292,0
2023-09-29,2023,638483,763469,0
2023-09-30,2023,638582,763603,0
2023-10-01,2023,638652,763754,0
2023-10-02,2023,638705,763819,0
2023-10-03,2023,638834,763970,0
2023-10-04,2023,638940,764102,0
2023-10-05,2023,639010,764218,0
2023-10-06,2023,639130,764360,0
2023-10-07,2023,639228,764491,0
2023-10-08,2023,639282,764575,0
2023-10-09,2023,639327,764641,0
2023-10-10,2023,639436,764791,0
2023-10-11,2023,639511,764898,0
2023-10-12,2023,639594,764986,0
2023-10-13,2023,639680,765125,0
2023-10-14,2023,639754,765255,0
2023-10-15,2023,639798,765319,0
2023-10-16,2023,639855,765378,0
2023-10-17,2023,639947,765518,0
2023-10-18,2023,640024,765653,0
2023-10-19,2023,640144,765795,0
2023-10-20,2023,640243,765932,0
2023-10-21,2023,640315,766048,0
2023-10-22,2023,640387,766162,0
2023-10-23,2023,640441,766212,0
2023-10-24,2023,640530,766322,0
2023-10-25,2023,640620,766427,0
2023-10-26,2023,640708,766574,0
2023-10-27,2023,640817,766735,0
2023-10-28,2023,640912,766853,0
2023-10-29,2023,640973,766932,0
2023-10-30,2023,641035,766998,0
2023-10-31,2023,641140,767158,0
2023-11-01,2023,641238,767296,0
2023-11-02,2023,641335,767437,0
2023-11-03,2023,641430,767575,0
2023-11-04,2023,641523,767705,0
2023-11-05,2023,641569,767784,0
2023-11-06,2023,641609,767842,0
2023-11-07,2023,641718,768011,0
2023-11-08,2023,641784,768125,0
2023-11-09,2023,641889,768267,0
2023-11-10,2023,641999,768422,0
2023-11-11,2023,642111,768593,0
2023-11-12,2023,642171,768693,0
2023-11-13,2023,642222,768775,0
2023-11-14,2023,642340,768923,0
2023-11-15,2023,642435,769059,0
2023-11-16,2023,642552,769234,0
2023-11-17,2023,642705,769419,0
2023-11-18,2023,642798,769563,0
2023-11-19,2023,642868,769667,0
2023-11-20,2023,642934,769744,0
2023-11-21,2023,643069,769918,0
2023-11-22,2023,643182,770063,0
2023-11-23,2023,643322,770237,0
2023-11-24,2023,643400,770339,0
2023-11-25,2023,643465,770414,0
2023-11-26,2023,643523,770507,0
2023-11-27,2023,643594,770603,0
2023-11-28,2023,643777,770886,0
2023-11-29,2023,643900,771060,0
2023-11-30,2023,644032,771212,0
2023-12-01,2023,644168,771444,0
2023-12-02,2023,644278,771617,0
2023-12-03,2023,644376,771733,0
2023-12-04,2023,644444,771834,0
2023-12-05,2023,644625,772081,0
2023-12-06,2023,644759,772264,0
2023-12-07,2023,644899,772452,0
2023-12-08,2023,645061,772705,0
2023-12-09,2023,645184,772925,0
2023-12-10,2023,645268,773059,0
2023-12-11,2023,645352,773161,0
2023-12-12,2023,645526,773372,0
2023-12-13,2023,645634,773507,0
2023-12-14,2023,645813,773721,0
2023-12-15,2023,645998,773962,0
2023-12-16,2023,646142,774169,0
2023-12-17,2023,646259,774327,0
2023-12-18,2023,646341,774432,0
2023-12-19,2023,646579,774695,0
2023-12-20,2023,646754,774912,0
2023-12-21,2023,646981,775210,0
2023-12-22,2023,647185,775507,0
2023-12-23,2023,647355,775759,0
2023-12-24,2023,647473,775911,0
2023-12-25,2023,647585,776045,0
2023-12-26,2023,647713,776157,0
2023-12-27,2023,647948,776540,0
2023-12-28,2023,648254,776965,0
2023-12-29,2023,648506,777346,0
2023-12-30,2023,648758,777714,0
2023-12-31,2023,648966,777940,0
2024-01-01,2024,649083,778106,0
2024-01-02,2024,649153,778190,0
2024-01-03,2024,649506,778706,0
2024-01-04,2024,649760,779056,0
2024-01-05,2024,650059,779540,0
2024-01-06,2024,650325,779922,0
2024-01-07,2024,650464,780125,0
2024-01-08,2024,650575,780273,0
2024-01-09,2024,650868,780660,0
2024-01-10,2024,651077,780953,0
2024-01-11,2024,651304,781244,0
2024-01-12,2024,651516,781556,0
2024-01-13,2024,651697,781821,0
2024-01-14,2024,651818,781975,0
2024-01-15,2024,651915,782079,0
2024-01-16,2024,652020,782197,0
2024-01-17,2024,652256,782535,0
2024-01-18,2024,652392,782747,0
2024-01-19,2024,652557,782968,0
2024-01-20,2024,652685,783158,0
2024-01-21,2024,652744,783275,0
2024-01-22,2024,652779,783329,0
2024-01-23,2024,652939,783570,0
2024-01-24,2024,653092,783743,0
2024-01-25,2024,653211,783908,0
2024-01-26,2024,653368,784112,0
2024-01-27,2024,653500,784305,0
2024-01-28,2024,653597,784423,0
2024-01-29,2024,653662,784503,0
2024-01-30,2024,653832,784710,0
2024-01-31,2024,653926,784844,0
2024-02-01,2024,654055,785020,0
2024-02-02,2024,654177,785189,0
2024-02-03,2024,654307,785359,0
2024-02-04,2024,654382,785454,0
2024-02-05,2024,654436,785528,0
2024-02-06,2024,654555,785737,0
2024-02-07,2024,654676,785909,0
2024-02-08,2024,654820,786068,0
2024-02-09,2024,654964,786310,0
2024-02-10,2024,655101,786472,0
2024-02-11,2024,655179,786562,0
2024-02-12,2024,655246,786643,0
2024-02-13,2024,655399,786837,0
2024-02-14,2024,655513,786980,0
2024-02-15,2024,655634,787145,0
2024-02-16,2024,655754,787326,0
2024-02-17,2024,655919,787482,0
2024-02-18,2024,655975,787578,0
2024-02-19,2024,656036,787634,0
2024-02-20,2024,656173,787805,0
2024-02-21,2024,656275,787918,0
2024-02-22,2024,656363,788046,0
2024-02-23,2024,656508,788222,0
2024-02-24,2024,656635,788361,0
2024-02-25,2024,656724,788438,0
2024-02-26,2024,656766,788495,0
2024-02-27,2024,656890,788642,0
2024-02-28,2024,656981,788763,0
2024-02-29,2024,657076,788936,0
2024-03-01,2024,657168,789101,0
2024-03-02,2024,657245,789228,0
2024-03-03,2024,657291,789311,0
2024-03-04,2024,657321,789369,0
2024-03-05,2024,657403,789482,0
2024-03-06,2024,657470,789599,0
2024-03-07,2024,657550,789709,0
2024-03-08,2024,657611,789821,0
2024-03-09,2024,657685,789927,0
2024-03-10,2024,657726,789977,0
2024-03-11,2024,657760,790011,0
2024-03-12,2024,657845,790136,0
2024-03-13,2024,657910,790214,0
2024-03-14,2024,657972,790297,0
2024-03-15,2024,658029,790392,0
2024-03-16,2024,658081,790451,0
2024-03-17,2024,658109,790489,0
2024-03-18,2024,658118,790511,0
2024-03-19,2024,658224,790681,0
2024-03-20,2024,658328,790843,0
2024-03-21,2024,658446,791039,0
2024-03-22,2024,658515,791147,0
2024-03-23,2024,658619,791299,0
2024-03-24,2024,658690,791397,0
2024-03-25,2024,658704,791416,0
2024-03-26,2024,658787,791522,0
2024-03-27,2024,658830,791581,0
2024-03-28,2024,658864,791628,0
2024-03-29,2024,658906,791693,0
2024-03-30,2024,658941,791726,0
2024-03-31,2024,658958,791744,0
2024-04-01,2024,658981,791765,0
2024-04-02,2024,659033,791816,0
2024-04-03,2024,659085,791874,0
2024-04-04,2024,659120,791924,0
2024-04-05,2024,659158,791995,0
2024-04-06,2024,659189,792038,0
2024-04-07,2024,659214,792062,0
2024-04-08,2024,659227,792089,0
2024-04-09,2024,659274,792168,0
2024-04-10,2024,659310,792219,0
2024-04-11,2024,659341,792271,0
2024-04-12,2024,659369,792330,0
2024-04-13,2024,659401,792382,0
2024-04-14,2024,659417,792418,0
2024-04-15,2024,659426,792441,0
2024-04-16,2024,659485,792513,0
2024-04-17,2024,659517,792563,0
2024-04-18,2024,659551,792601,0
2024-04-19,2024,659582,792654,0
2024-04-20,2024,659603,792704,0
2024-04-21,2024,659621,792722,0
2024-04-22,2024,659630,792743,0
2024-04-23,2024,659665,792800,0
2024-04-24,2024,659689,792832,0
2024-04-25,2024,659706,792874,0
2024-04-26,2024,659727,792909,0
2024-04-27,2024,659753,792939,0
2024-04-28,2024,659763,792954,0
2024-04-29,2024,659773,792964,0
2024-04-30,2024,659808,793018,0
2024-05-01,2024,659830,793057,0
2024-05-02,2024,659861,793096,0
2024-05-03,2024,659883,793137,0
2024-05-04,2024,659911,793171,0
2024-05-05,2024,659929,793183,0
2024-05-06,2024,659939,793194,0
2024-05-07,2024,659981,793260,0
2024-05-08,2024,660007,793296,0
2024-05-09,2024,660044,793337,0
2024-05-10,2024,660079,793374,0
2024-05-11,2024,660106,793415,0
2024-05-12,2024,660119,793438,0
2024-05-13,2024,660131,793456,0
2024-05-14,2024,660176,793507,0
2024-05-15,2024,660200,793540,0
2024-05-16,2024,660223,793568,0
2024-05-17,2024,660257,793611,0
2024-05-18,2024,660287,793656,0
2024-05-19,2024,660296,793679,0
2024-05-20,2024,660303,793692,0
2024-05-21,2024,660343,793758,0
2024-05-22,2024,660373,793794,0
2024-05-23,2024,660402,793841,0
2024-05-24,2024,660433,793878,0
2024-05-25,2024,660475,793932,0
2024-05-26,2024,660486,793944,0
2024-05-27,2024,660496,793959,0
2024-05-28,2024,660513,793971,0
2024-05-29,2024,660561,794053,0
2024-05-30,2024,660599,794105,0
2024-05-31,2024,660638,794170,0
2024-06-01,2024,660680,794220,0
2024-06-02,2024,660700,794245,0
2024-06-03,2024,660706,794260,0
2024-06-04,2024,660762,794349,0
2024-06-05,2024,660809,794399,0
2024-06-06,2024,660844,794473,0
2024-06-07,2024,660882,794541,0
2024-06-08,2024,660919,794598,0
2024-06-09,2024,660936,794628,0
2024-06-10,2024,660955,794652,0
2024-06-11,2024,661020,794757,0
