ReportDate,caseAfrAmer,caseWhite,caseHispanic,caseAsian,caseOther,caseNotAVail
2020-03-04,0,0,0,0,0,0
2020-03-05,0,0,0,0,0,0
2020-03-06,0,0,0,0,0,0
2020-03-07,0,0,0,0,0,0
2020-03-08,0,0,0,0,0,0
2020-03-09,0,0,0,0,0,0
2020-03-10,0,0,0,0,0,0
2020-03-11,0,0,0,0,0,0
2020-03-12,0,0,0,0,0,0
2020-03-13,0,0,0,0,0,0
2020-03-14,0,0,0,0,0,0
2020-03-15,0,0,0,0,0,0
2020-03-16,0,0,0,0,0,0
2020-03-17,0,0,0,0,0,0
2020-03-18,0,0,0,0,0,0
2020-03-19,0,0,0,0,0,0
2020-03-20,0,0,0,0,0,0
2020-03-21,0,0,0,0,0,0
2020-03-22,0,0,0,0,0,0
2020-03-23,0,0,0,0,0,0
2020-03-24,0,0,0,0,0,0
2020-03-25,0,0,0,0,0,0
2020-03-26,0,0,0,0,0,0
2020-03-27,0,0,0,0,0,0
2020-03-28,0,0,0,0,0,0
2020-03-29,0,0,0,0,0,0
2020-03-30,0,0,0,0,0,0
2020-03-31,0,0,0,0,0,0
2020-04-01,0,0,0,0,0,0
2020-04-02,0,0,0,0,0,0
2020-04-03,0,0,0,0,0,0
2020-04-04,0,0,0,0,0,0
2020-04-05,0,0,0,0,0,0
2020-04-06,1521,1207,0,74,321,922
2020-04-07,0,0,0,0,0,0
2020-04-08,2064,1540,0,122,449,1354
2020-04-09,2304,1694,0,136,544,1507
2020-04-10,2599,1883,0,153,643,1690
2020-04-11,2988,2145,0,177,806,1578
2020-04-12,3202,2305,0,190,861,1667
2020-04-13,3512,2547,0,211,961,1705
2020-04-14,0,0,0,0,0,0
2020-04-15,3724,2425,1075,230,357,2221
2020-04-16,3978,2535,1180,239,376,2476
2020-04-17,4301,2681,1357,252,429,2552
2020-04-18,4557,2869,1489,266,458,2669
2020-04-19,4855,3037,1639,276,505,2518
2020-04-20,5064,3156,1744,284,519,2917
2020-04-21,5322,3327,1916,296,552,2780
2020-04-22,5540,3476,2033,304,571,2851
2020-04-23,5800,3662,2130,322,588,3235
2020-04-24,6046,3830,2373,339,616,3412
2020-04-25,6314,4020,2574,344,657,3857
2020-04-26,6742,4276,2841,363,707,3652
2020-04-27,7085,4498,3077,384,752,3691
2020-04-28,7432,4708,3309,424,721,3519
2020-04-29,7615,4808,3473,434,747,3772
2020-04-30,7821,4935,3651,459,793,4083
2020-05-01,8093,5147,3884,475,840,5033
2020-05-02,8470,5385,4258,502,876,4982
2020-05-03,8871,5698,4625,530,989,4749
2020-05-04,9147,5873,4892,547,1040,4909
2020-05-05,9424,6129,5144,565,937,4918
2020-05-06,9648,6280,5394,580,986,5275
2020-05-07,9892,6468,5726,603,1032,5653
2020-05-08,10165,6695,6067,631,1107,5820
2020-05-09,10337,6796,6337,647,1151,6266
2020-05-10,10623,7018,6686,664,1187,6409
2020-05-11,10927,7260,7057,691,1387,6051
2020-05-12,11110,7365,7274,700,1433,6179
2020-05-13,11140,7367,7483,689,1703,6430
2020-05-14,11328,7479,7864,703,1708,6821
2020-05-15,11572,7701,8229,723,1763,6998
2020-05-16,11795,7865,8615,738,1814,7141
2020-05-17,12052,8058,8907,752,1852,7183
2020-05-18,12220,8180,9196,770,1888,7508
2020-05-19,12454,8365,9525,787,2007,8408
2020-05-20,12919,8566,10153,823,2106,7756
2020-05-21,13086,8697,10374,836,2143,8395
2020-05-22,13320,8897,10726,855,2187,8439
2020-05-23,13527,9075,11035,873,2219,8766
2020-05-24,13762,9232,11383,889,2272,8775
2020-05-25,13922,9359,11628,895,2295,9053
2020-05-26,14116,9484,11819,907,2317,9044
2020-05-27,14217,9575,11956,917,2341,9417
2020-05-28,14473,9762,12422,938,2458,9656
2020-05-29,14613,9869,12610,948,2478,10470
2020-05-30,14911,10054,12978,977,2530,10565
2020-05-31,15188,10299,13377,997,2654,10263
2020-06-01,15527,10529,13753,1016,2699,9803
2020-06-02,15631,10603,13901,1024,2725,10291
2020-06-03,15856,10757,14155,1048,2765,10401
2020-06-04,16035,10898,14338,1057,2783,10747
2020-06-05,16208,11031,14573,1072,2825,11061
2020-06-06,16427,11206,14839,1082,2846,11082
2020-06-07,16593,11319,15040,1093,2882,11046
2020-06-08,16857,11468,15394,1106,2922,10657
2020-06-09,16966,11547,15518,1114,2946,10813
2020-06-10,17214,11718,16006,1140,3085,10302
2020-06-11,17345,11770,16293,1176,3094,10519
2020-06-12,17449,11848,16404,1182,3105,10625
2020-06-13,17595,11956,16609,1194,3126,10825
2020-06-14,17692,12022,16738,1200,3140,10909
2020-06-15,17767,12069,16834,1205,3149,11008
2020-06-16,17867,12139,16921,1214,3155,11113
2020-06-17,18017,12244,17020,1225,3172,11291
2020-06-18,18295,12414,17252,1251,3203,10814
2020-06-19,18377,12501,17282,1255,3203,10930
2020-06-20,18492,12574,17418,1263,3227,10982
2020-06-21,18582,12629,17514,1268,3242,11071
2020-06-22,18657,12693,17580,1271,3251,11151
2020-06-23,18753,12747,17670,1275,3259,11303
2020-06-24,18831,12797,17738,1278,3268,11425
2020-06-25,18918,12887,17833,1284,3277,11578
2020-06-26,18990,12952,17918,1293,3292,11670
2020-06-27,19054,13033,17991,1294,3300,11778
2020-06-28,19122,13091,18058,1300,3307,11899
2020-06-29,19191,13159,18127,1301,3317,12159
2020-06-30,19349,13288,18229,1310,3331,12052
2020-07-01,19463,13377,18283,1314,3344,12137
2020-07-02,19474,13380,18289,1314,3343,12118
2020-07-03,19783,13617,18460,1327,3379,12395
2020-07-04,19874,13709,18524,1333,3392,12509
2020-07-05,19953,13788,18568,1335,3403,12585
2020-07-06,20043,13850,18609,1337,3407,12658
2020-07-07,20157,13954,18690,1346,3427,12822
2020-07-08,20288,14062,18747,1353,3446,12965
2020-07-09,20515,14286,19172,1399,3419,12656
2020-07-10,20695,14441,19261,1409,3448,12656
2020-07-11,20910,14614,19357,1416,3469,12701
2020-07-12,21160,14797,19452,1426,3498,12776
2020-07-13,21250,14901,19491,1427,3518,12940
2020-07-14,21525,15161,19701,1446,3551,12876
2020-07-15,21784,15394,19822,1458,3583,12975
2020-07-16,22000,15599,19937,1475,3608,13045
2020-07-17,22225,15846,20063,1482,3634,13121
2020-07-18,22528,16113,20191,1490,3667,13217
2020-07-19,22887,16383,20321,1510,3707,13323
2020-07-20,23092,16548,20390,1520,3732,13403
2020-07-21,23414,16799,20485,1529,3761,13557
2020-07-22,23503,16887,20505,1532,3773,13530
2020-07-23,23905,17213,20670,1551,3805,13692
2020-07-24,24310,17486,20795,1566,3823,13786
2020-07-25,24844,17904,20933,1591,3863,13919
2020-07-26,25116,18088,21032,1597,3885,14030
2020-07-27,25440,18284,21115,1606,3917,14514
2020-07-28,25880,18540,21228,1618,3953,14305
2020-07-29,26189,18746,21311,1625,3984,14430
2020-07-30,26601,19023,21422,1634,4009,14488
2020-07-31,27055,19364,21593,1657,4041,14636
2020-08-01,27451,19640,21693,1676,4076,14829
2020-08-02,27823,19904,21797,1685,4118,14947
2020-08-03,28163,20140,21896,1698,4148,15099
2020-08-04,28253,19945,23151,1662,4050,14793
2020-08-05,28480,20106,23217,1674,4070,14879
2020-08-06,28784,20294,23367,1687,4098,14775
2020-08-07,29141,20498,23496,1701,4140,14830
2020-08-08,29463,20667,23636,1713,4155,14947
2020-08-09,29841,20895,23781,1726,4191,15069
2020-08-10,29964,20967,23812,1729,4198,15588
2020-08-11,30377,21215,23983,1752,4249,15267
2020-08-12,30803,21428,24200,1771,4290,14892
2020-08-13,31067,21624,24333,1791,4317,15028
2020-08-14,31356,21800,24465,1805,4338,15111
2020-08-15,31693,22014,24593,1823,4368,15202
2020-08-16,31912,22168,24672,1832,4381,15247
2020-08-17,32109,22322,24733,1849,4396,15306
2020-08-18,32296,22450,24809,1862,4413,15405
2020-08-19,32440,22581,24859,1863,4433,15473
2020-08-20,32651,22735,24952,1869,4468,15554
2020-08-21,32910,22944,25069,1877,4501,15598
2020-08-22,33135,23139,25184,1895,4530,15640
2020-08-23,33320,23333,25276,1912,4550,15711
2020-08-24,33503,23500,25343,1928,4590,15805
2020-08-25,33622,23574,25419,1936,4610,15885
2020-08-26,33753,23731,25497,1946,4627,15932
2020-08-27,33923,23909,25593,1963,4650,16025
2020-08-28,34105,24102,25669,1981,4678,16129
2020-08-29,34300,24338,25764,1999,4690,16203
2020-08-30,34463,24510,25848,2015,4721,16234
2020-08-31,34611,24667,25918,2022,4738,16293
2020-09-01,35080,25309,24872,2061,5042,16499
2020-09-02,35232,25541,24952,2082,5069,16443
2020-09-03,35440,25821,25021,2104,5097,16529
2020-09-04,35652,26162,25106,2121,5134,16656
2020-09-05,35922,26475,25186,2132,5161,16731
2020-09-06,36059,26702,25235,2147,5184,16792
2020-09-07,36304,26961,25307,2163,5219,16929
2020-09-08,36403,27104,25356,2167,5229,16980
2020-09-09,36495,27231,25397,2176,5249,17027
2020-09-10,36636,27439,25458,2180,5274,17091
2020-09-11,36811,27655,25534,2192,5323,17209
2020-09-12,36979,28016,25644,2210,5357,17327
2020-09-13,37138,28240,25706,2217,5378,17431
2020-09-14,37280,28441,25766,2222,5402,17535
2020-09-15,37451,28642,25852,2234,5418,17648
2020-09-16,37639,28864,25940,2249,5437,17759
2020-09-17,37823,29083,26042,2259,5463,17849
2020-09-18,37992,29269,26124,2266,5482,17929
2020-09-19,38168,29498,26212,2272,5509,18085
2020-09-20,38261,29686,26242,2282,5521,18164
2020-09-21,38370,29837,26305,2291,5541,18224
2020-09-22,38481,29945,26382,2293,5559,18252
2020-09-23,38590,30087,26458,2295,5574,18293
2020-09-24,38719,30278,26527,2305,5594,18377
2020-09-25,38869,30474,26621,2326,5616,18453
2020-09-26,38994,30635,26700,2330,5634,18679
2020-09-27,39111,30858,26766,2334,5665,18669
2020-09-28,39257,31027,26824,2344,5697,18731
2020-09-29,39382,31172,26902,2354,5705,18796
2020-09-30,39508,31329,26961,2361,5724,18842
2020-10-01,39670,31634,27061,2371,5761,19013
2020-10-02,39848,31892,27164,2383,5795,19139
2020-10-03,39985,32140,27257,2395,5828,19214
2020-10-04,40123,32303,27325,2403,5853,19283
2020-10-05,40250,32480,27404,2412,5891,19354
2020-10-06,40344,32625,27473,2423,5917,19422
2020-10-07,40466,32833,27532,2431,5933,19469
2020-10-08,40637,33120,27663,2456,5957,19592
2020-10-09,40831,33387,27768,2469,5990,19714
2020-10-10,40991,33625,27875,2479,6024,19801
2020-10-11,41124,33858,27966,2499,6050,19860
2020-10-12,41236,34023,28068,2507,6087,19940
2020-10-13,41453,34191,28230,2525,6119,19825
2020-10-14,41603,34416,28317,2536,6154,19892
2020-10-15,41767,34640,28418,2556,6198,19969
2020-10-16,41929,34928,28561,2573,6231,20107
2020-10-17,42152,35207,28708,2591,6277,20192
2020-10-18,42282,35417,28794,2602,6299,20263
2020-10-19,42415,35593,28879,2610,6322,20335
2020-10-20,42567,35784,28997,2629,6346,20421
2020-10-21,42702,35946,29085,2632,6370,20501
2020-10-22,42907,36207,29229,2644,6401,20591
2020-10-23,43093,36460,29349,2663,6438,20688
2020-10-24,43306,36753,29513,2673,6468,20774
2020-10-25,43513,37023,29634,2687,6520,20902
2020-10-26,43642,37220,29727,2695,6558,21002
2020-10-27,43861,37519,29910,2712,6596,21143
2020-10-28,44035,37775,30054,2730,6628,21203
2020-10-29,44289,38112,30255,2750,6680,21301
2020-10-30,44529,38458,30430,2766,6713,21418
2020-10-31,44775,38807,30644,2790,6745,21520
2020-11-01,45026,39114,30801,2810,6792,21602
2020-11-02,45273,39362,30957,2823,6828,21752
2020-11-03,45515,39662,31086,2836,6873,21794
2020-11-04,45723,39978,31214,2846,6915,22090
2020-11-05,46059,40546,31433,2880,6994,22052
2020-11-06,46466,41107,31717,2913,7057,22245
2020-11-07,46824,41648,31957,2930,7140,22416
2020-11-08,47114,42120,32106,2951,7193,22512
2020-11-09,47474,42622,32302,2983,7256,22734
2020-11-10,47855,43083,32541,3017,7305,22908
2020-11-11,48267,43765,32817,3056,7381,23137
2020-11-12,48766,44380,33033,3101,7436,23184
2020-11-13,49248,45110,33319,3129,7524,23439
2020-11-14,49857,46026,33619,3166,7619,23803
2020-11-15,50362,46745,33829,3204,7697,24093
2020-11-16,50866,47465,34028,3246,7780,24271
2020-11-17,51416,48245,34373,3286,7874,24611
2020-11-18,51959,49109,34622,3333,7964,24836
2020-11-19,52705,50204,34983,3391,8086,25364
2020-11-20,53367,51076,35273,3439,8184,25747
2020-11-21,54119,52082,35514,3480,8253,26523
2020-11-22,54785,53248,35805,3546,8353,26402
2020-11-23,55302,53914,35967,3587,8434,26593
2020-11-24,55775,54600,36218,3625,8520,26726
2020-11-25,56544,55720,36545,3669,8618,27065
2020-11-26,57241,56850,36842,3730,8743,27074
2020-11-27,57903,57735,37099,3795,8816,27510
2020-11-28,58365,58336,37317,3826,8871,27733
2020-11-29,58842,59209,37550,3876,8957,28013
2020-11-30,59359,60009,37766,3937,9043,28256
2020-12-01,60159,60858,38106,3989,9151,28872
2020-12-02,60744,61776,38328,4032,9272,29203
2020-12-03,61290,62676,38586,4084,9360,29403
2020-12-04,62197,64055,39082,4149,9484,30224
2020-12-05,63046,65224,39556,4202,9612,30744
2020-12-06,63725,66317,39924,4276,9764,31021
2020-12-07,64402,67175,40275,4341,9897,31239
2020-12-08,65043,67876,40552,4377,9971,32142
2020-12-09,65894,69171,40932,4449,10126,32081
2020-12-10,66765,70347,41379,4519,10299,32546
2020-12-11,67520,71275,41801,4583,10427,32865
2020-12-12,68466,72519,42293,4659,10587,33485
2020-12-13,69144,73462,42650,4731,10726,33934
2020-12-14,69786,74295,42968,4790,10853,34269
2020-12-15,70501,75106,43336,4843,10949,34627
2020-12-16,71159,75985,43618,4908,11080,35017
2020-12-17,71786,76865,43865,4942,11186,35340
2020-12-18,72524,77779,44241,5001,11274,35734
2020-12-19,73091,78672,44520,5051,11387,36033
2020-12-20,73644,79528,44722,5099,11467,36348
2020-12-21,74271,80358,45036,5153,11586,36669
2020-12-22,74860,81219,45308,5220,11699,37091
2020-12-23,75524,82179,45643,5275,11817,37424
2020-12-24,76211,83339,46040,5354,11962,37822
2020-12-25,76780,84277,46352,5426,12086,38239
2020-12-26,77350,85197,46631,5478,12201,38583
2020-12-27,77826,85908,46855,5529,12283,38797
2020-12-28,78325,86664,47107,5588,12364,39135
2020-12-29,78846,87390,47352,5641,12466,39366
2020-12-30,79556,88461,47657,5701,12596,39718
2020-12-31,80223,89801,47989,5794,12735,40120
2021-01-01,81075,91299,48433,5856,12910,40646
2021-01-02,81798,92447,48809,5907,13050,41160
2021-01-03,82325,93353,49088,5954,13153,41446
2021-01-04,82912,94324,49403,6019,13280,41864
2021-01-05,83434,95050,49648,6061,13381,42184
2021-01-06,84111,96496,50017,6129,13534,42617
2021-01-07,84808,97724,50418,6207,13713,43004
2021-01-08,85684,99380,50808,6314,13918,43502
2021-01-09,86612,100863,51285,6412,14119,44073
2021-01-10,87442,102162,51723,6490,14272,44585
2021-01-11,88181,103395,52076,6571,14416,45047
2021-01-12,88814,104415,52461,6644,14584,45433
2021-01-13,89445,105437,52739,6692,14673,45881
2021-01-14,90196,106595,53182,6783,14861,46198
2021-01-15,90919,107828,53573,6867,14998,46554
2021-01-16,91776,109156,53989,6952,15178,46980
2021-01-17,92478,110133,54329,7013,15297,47195
2021-01-18,92991,110819,54560,7055,15381,47408
2021-01-19,93515,111612,54840,7107,15470,47642
2021-01-20,94096,112492,55152,7166,15570,47877
2021-01-21,94676,113365,55417,7217,15665,48179
2021-01-22,95336,114359,55721,7275,15760,48464
2021-01-23,96044,115308,56063,7329,15872,48691
2021-01-24,96685,116088,56337,7398,15969,48975
2021-01-25,97149,116713,56632,7446,16037,49161
2021-01-26,97614,117278,56784,7494,16112,49338
2021-01-27,98200,117997,57054,7564,16213,49531
2021-01-28,98829,118912,57295,7615,16329,49769
2021-01-29,99405,119649,57531,7670,16418,49956
2021-01-30,100029,120463,57803,7719,16553,50159
2021-01-31,100529,121178,58018,7773,16650,50325
2021-02-01,100877,121621,58181,7803,16705,50449
2021-02-02,101160,121919,58342,7836,16743,50541
2021-02-03,101453,122277,58447,7863,16793,50650
2021-02-04,101954,122857,58655,7911,16849,50811
2021-02-05,102381,123509,58871,7968,16894,50961
2021-02-06,102828,124143,59082,8017,16964,51050
2021-02-07,103326,124776,59224,8046,17038,51240
2021-02-08,103618,125146,59331,8078,17079,51301
2021-02-09,103919,125464,59500,8116,17118,51412
2021-02-10,104313,125916,59637,8152,17163,51485
2021-02-11,104731,126460,59789,8187,17227,51471
2021-02-12,105087,126901,59920,8219,17281,51569
2021-02-13,105423,127344,60068,8252,17331,51718
2021-02-14,105686,127674,60190,8269,17372,51792
2021-02-15,105906,127950,60275,8298,17415,51861
2021-02-16,106062,128167,60358,8316,17447,51871
2021-02-17,106360,128441,60448,8340,17497,51894
2021-02-18,106711,128821,60548,8370,17535,51981
2021-02-19,107034,129257,60651,8403,17594,52035
2021-02-20,107295,129550,60735,8427,17651,52079
2021-02-21,107496,129833,60808,8444,17674,52100
2021-02-22,107690,130102,60862,8461,17710,52141
2021-02-23,107945,130344,60945,8479,17743,52172
2021-02-24,108275,130687,61045,8500,17771,52212
2021-02-25,108638,131069,61141,8541,17810,52267
2021-02-26,108964,131459,61264,8571,17857,52321
2021-02-27,109265,131755,61379,8603,17902,52368
2021-02-28,109532,132094,61466,8623,17938,52446
2021-03-01,109768,132315,61587,8642,17950,52440
2021-03-02,109924,132480,61652,8674,17970,52470
2021-03-03,110215,132787,61746,8706,17998,52504
2021-03-04,111111,133654,61993,8761,18107,51139
2021-03-05,111453,134030,62085,8792,18173,51145
2021-03-06,111763,134401,62202,8824,18282,51138
2021-03-07,112033,134697,62261,8867,18321,51140
2021-03-08,112287,134965,62323,8909,18356,51195
2021-03-09,112499,135233,62418,8955,18394,51167
2021-03-10,112790,135611,62511,9005,18432,51217
2021-03-11,113132,135973,62593,9032,18484,51276
2021-03-12,113400,136277,62657,9057,18515,51574
2021-03-13,113892,136846,62818,9124,18583,51318
2021-03-14,114234,137182,62901,9147,18612,51365
2021-03-15,114489,137396,62961,9175,18641,51396
2021-03-16,114738,137646,63054,9193,18676,51409
2021-03-17,115096,138004,63151,9224,18738,51420
2021-03-18,115508,138445,63273,9265,18787,51468
2021-03-19,115952,138844,63388,9307,18829,51578
2021-03-20,116383,139255,63521,9331,18871,51655
2021-03-21,116815,139609,63602,9361,18931,51705
2021-03-22,117092,139879,63655,9391,18973,51715
2021-03-23,117399,140194,63719,9413,19004,51698
2021-03-24,117875,140665,63837,9446,19051,51726
2021-03-25,118329,141113,63948,9487,19096,52009
2021-03-26,118957,141793,64098,9529,19150,51816
2021-03-27,119498,142316,64220,9565,19205,51905
2021-03-28,120041,142857,64310,9612,19260,51964
2021-03-29,120416,143242,64371,9633,19305,52108
2021-03-30,120807,143582,64474,9668,19326,52121
2021-03-31,121368,144111,64585,9701,19372,52207
2021-04-01,122009,144746,64722,9755,19441,52255
2021-04-02,122623,145325,64830,9793,19513,52301
2021-04-03,123108,145845,64941,9839,19569,52358
2021-04-04,123814,146479,65085,9883,19632,52436
2021-04-05,124176,146789,65166,9905,19667,52485
2021-04-06,124517,147166,65261,9936,19713,52462
2021-04-07,125178,147687,65385,9979,19775,52522
2021-04-08,125765,148238,65666,10148,19730,52276
2021-04-09,126510,148987,65813,10192,19809,52352
2021-04-10,127189,149573,65966,10243,19880,52396
2021-04-11,127804,150113,66089,10277,19943,52504
2021-04-12,128250,150433,66191,10304,19987,52550
2021-04-13,128698,150823,66322,10343,20039,52574
2021-04-14,129287,151286,66422,10362,20071,52923
2021-04-15,130023,151960,66552,10404,20149,52707
2021-04-16,130679,152542,66697,10440,20232,52769
2021-04-17,130886,152696,66765,10452,20253,53807
2021-04-18,131903,153570,66942,10514,20374,52725
2021-04-19,132201,153836,66975,10532,20412,52703
2021-04-20,132606,154145,67094,10554,20457,52728
2021-04-21,133087,154577,67220,10576,20511,52818
2021-04-22,133597,155028,67341,10601,20571,52854
2021-04-23,134111,155463,67466,10627,20636,52852
2021-04-24,134621,155917,67586,10658,20697,52872
2021-04-25,134978,156245,67651,10677,20715,52991
2021-04-26,135255,156461,67725,10703,20745,52925
2021-04-27,135534,156649,67787,10726,20746,53049
2021-04-28,135974,157106,67903,10764,20801,52945
2021-04-29,136394,157481,68005,10794,20852,52933
2021-04-30,136815,157816,68093,10826,20890,52961
2021-05-01,137238,158181,68180,10850,20932,52959
2021-05-02,137564,158424,68240,10862,20961,52938
2021-05-03,137812,158593,68301,10871,20992,52940
2021-05-04,138056,158782,68349,10885,21011,52927
2021-05-05,138375,159036,68416,10908,21043,52911
2021-05-06,138641,159245,68482,10923,21076,52900
2021-05-07,139022,159518,68554,10937,21109,52895
2021-05-08,139303,159752,68622,10951,21142,52921
2021-05-09,139486,159930,68653,10957,21162,52937
2021-05-10,139620,160020,68684,10963,21173,52941
2021-05-11,139775,160185,68748,10969,21195,52928
2021-05-12,139972,160357,68815,10979,21216,52932
2021-05-13,140182,160545,68878,10999,21239,52902
2021-05-14,140398,160763,68946,11005,21253,52892
2021-05-15,140592,160896,69007,11019,21268,52853
2021-05-16,140773,161035,69044,11024,21292,52836
2021-05-17,140861,161101,69081,11028,21299,52846
2021-05-18,140978,161186,69108,11032,21313,52811
2021-05-19,141135,161340,69155,11046,21326,52763
2021-05-20,141288,161478,69192,11051,21340,52735
2021-05-21,141524,161627,69249,11059,21358,52710
2021-05-22,141836,161793,69306,11068,21367,52678
2021-05-23,141972,161871,69337,11074,21380,52658
2021-05-24,142109,161939,69365,11076,21381,52650
2021-05-25,142201,162005,69387,11079,21390,52618
2021-05-26,142295,162096,69423,11085,21401,52578
2021-05-27,142404,162186,69460,11088,21407,52550
2021-05-28,142524,162288,69505,11094,21424,52508
2021-05-29,142598,162380,69531,11097,21433,52489
2021-05-30,142698,162491,69582,11110,21450,52446
2021-05-31,142746,162544,69598,11112,21456,52438
2021-06-01,142804,162570,69619,11115,21463,52424
2021-06-02,142843,162613,69636,11118,21459,52391
2021-06-03,142922,162674,69665,11119,21465,52349
2021-06-04,142997,162745,69701,11119,21465,52312
2021-06-05,143071,162811,69716,11122,21470,52281
2021-06-06,143138,162846,69740,11124,21470,52257
2021-06-07,143176,162885,69757,11127,21475,52239
2021-06-08,143220,162926,69776,11130,21473,52212
2021-06-09,143282,162988,69805,11136,21468,52184
2021-06-10,143341,162917,69855,11327,21573,51971
2021-06-11,143396,162970,69888,11331,21581,51931
2021-06-12,143457,163015,69914,11339,21582,51876
2021-06-13,143499,163044,69929,11340,21589,51864
2021-06-14,143525,163071,69938,11341,21594,51856
2021-06-15,143569,163120,69964,11343,21591,51805
2021-06-16,143629,163169,69982,11346,21599,51745
2021-06-17,143670,163223,70013,11347,21593,51703
2021-06-18,143728,163275,70049,11353,21592,51638
2021-06-19,143737,163294,70055,11356,21591,51664
2021-06-20,143786,163330,70078,11359,21597,51589
2021-06-21,143809,163352,70087,11360,21599,51572
2021-06-22,143836,163385,70103,11360,21604,51540
2021-06-23,143864,163429,70117,11365,21611,51501
2021-06-24,143892,163461,70116,11365,21609,51510
2021-06-25,143928,163497,70138,11366,21609,51479
2021-06-26,143962,163513,70152,11366,21611,51474
2021-06-27,144013,163550,70178,11376,21614,51413
2021-06-28,144034,163564,70190,11379,21615,51399
2021-06-29,144051,163589,70201,11380,21624,51372
2021-06-30,144083,163618,70220,11388,21629,51341
2021-07-01,144116,163665,70247,11395,21635,51296
2021-07-02,144168,163709,70269,11401,21635,51257
2021-07-03,144205,163767,70282,11408,21640,51233
2021-07-04,144226,163794,70290,11413,21643,51230
2021-07-05,144248,163802,70297,11415,21642,51230
2021-07-06,144269,163837,70308,11419,21640,51208
2021-07-07,144301,163879,70326,11422,21641,51167
2021-07-08,144347,163903,70399,11451,21663,51072
2021-07-09,144401,163962,70415,11459,21663,51080
2021-07-10,144465,164023,70439,11468,21661,51051
2021-07-11,144497,164049,70452,11472,21669,51047
2021-07-12,144527,164088,70462,11471,21667,51050
2021-07-13,144583,164133,70483,11475,21673,51036
2021-07-14,144631,164189,70499,11478,21683,51007
2021-07-15,144705,164273,70533,11480,21693,50981
2021-07-16,144773,164363,70561,11492,21704,50955
2021-07-17,144857,164438,70595,11497,21710,50934
2021-07-18,144931,164498,70618,11500,21714,50936
2021-07-19,144980,164558,70632,11501,21718,50947
2021-07-20,145057,164636,70656,11502,21726,50914
2021-07-21,145172,164743,70682,11511,21751,50876
2021-07-22,145280,164894,70714,11521,21764,50865
2021-07-23,145394,165026,70749,11530,21774,50853
2021-07-24,145510,165169,70787,11539,21787,50851
2021-07-25,145629,165291,70814,11549,21800,50866
2021-07-26,145732,165393,70840,11550,21809,50881
2021-07-27,145857,165544,70874,11558,21819,50862
2021-07-28,146024,165707,70918,11566,21830,50885
2021-07-29,146233,165915,70966,11572,21846,50903
2021-07-30,146460,166125,71013,11581,21878,50904
2021-07-31,146674,166364,71062,11596,21909,50943
2021-08-01,146879,166595,71106,11602,21934,50979
2021-08-02,147079,166764,71136,11617,21950,50996
2021-08-03,147207,166923,71178,11628,21965,51009
2021-08-04,147487,167220,71229,11644,21996,51029
2021-08-05,147784,167570,71336,11665,21999,50980
2021-08-06,148143,167942,71408,11689,22028,51014
2021-08-07,148505,168292,71485,11710,22066,51058
2021-08-08,148841,168639,71547,11733,22099,51110
2021-08-09,149067,168881,71586,11746,22131,51144
2021-08-10,149324,169146,71663,11772,22149,51130
2021-08-11,149639,169576,71738,11786,22185,51146
2021-08-12,150172,170112,71888,11811,22245,50889
2021-08-13,150538,170648,71965,11835,22278,50803
2021-08-14,150934,171106,72033,11851,22318,50841
2021-08-15,151278,171452,72090,11874,22358,50900
2021-08-16,151569,171791,72129,11891,22393,50945
2021-08-17,151866,172195,72192,11909,22432,50975
2021-08-18,152242,172649,72261,11926,22479,51024
2021-08-19,152637,173153,72334,11945,22516,51056
2021-08-20,153056,173700,72439,11970,22568,51114
2021-08-21,153406,174254,72526,11995,22610,51187
2021-08-22,153738,174764,72572,12012,22661,51221
2021-08-23,154070,175203,72635,12031,22690,51264
2021-08-24,154341,175622,72705,12048,22740,51284
2021-08-25,154753,176185,72792,12072,22783,51345
2021-08-26,155159,176783,72887,12100,22846,51399
2021-08-27,155593,177463,72999,12111,22900,51481
2021-08-28,156111,178203,73138,12167,22980,51316
2021-08-29,156390,178577,73184,12159,23007,51665
2021-08-30,156710,179047,73238,12177,23048,51704
2021-08-31,157085,179539,73322,12195,23085,51776
2021-09-01,157502,180155,73408,12213,23156,51942
2021-09-02,157834,180680,73486,12230,23197,52221
2021-09-03,158385,181510,73652,12263,23286,51939
2021-09-04,158737,182132,73741,12285,23346,51988
2021-09-05,159022,182500,73818,12301,23375,52018
2021-09-06,159322,183028,73912,12319,23422,52058
2021-09-07,159619,183367,73976,12346,23455,52093
2021-09-08,159871,183694,74050,12365,23500,52077
2021-09-09,160199,184124,74195,12377,23527,52042
2021-09-10,160726,184857,74306,12407,23597,52124
2021-09-11,161123,185566,74416,12434,23643,52211
2021-09-12,161505,186159,74506,12454,23694,52225
2021-09-13,161818,186668,74602,12468,23733,52357
2021-09-14,162150,187210,74715,12487,23782,52396
2021-09-15,162473,187873,74819,12501,23831,52432
2021-09-16,162890,188571,74913,12530,23880,52475
2021-09-17,163332,189368,75035,12555,23941,52553
2021-09-18,163698,190059,75121,12578,23980,52625
2021-09-19,164030,190577,75203,12595,24020,52672
2021-09-20,164337,191193,75290,12612,24074,52730
2021-09-21,164592,191718,75363,12635,24122,52780
2021-09-22,164946,192341,75449,12654,24154,52811
2021-09-23,165347,193105,75561,12677,24208,52862
2021-09-24,165742,193818,75667,12711,24261,52924
2021-09-25,166126,194549,75777,12729,24311,53198
2021-09-26,166395,195059,75839,12740,24341,53430
2021-09-27,166791,195824,75946,12771,24412,53020
2021-09-28,167047,196357,76052,12782,24465,53033
2021-09-29,167380,196983,76124,12804,24518,53052
2021-09-30,167814,197745,76239,12845,24591,53106
2021-10-01,168299,198499,76359,12888,24646,53179
2021-10-02,168628,199281,76456,12913,24705,53174
2021-10-03,168909,199860,76541,12937,24774,53228
2021-10-04,169180,200459,76630,12957,24821,53280
2021-10-05,169354,200829,76701,12986,24841,53265
2021-10-06,169659,201456,76782,13001,24904,53251
2021-10-07,170021,202302,76949,13089,24947,53143
2021-10-08,170338,203001,77035,13122,24991,53140
2021-10-09,170681,203745,77153,13149,25029,53129
2021-10-10,171117,204396,77278,13184,25130,52923
2021-10-11,171297,204859,77344,13211,25174,53143
2021-10-12,171434,205072,77399,13223,25203,53108
2021-10-13,171738,205703,77471,13235,25240,53165
2021-10-14,172137,206506,77588,13265,25291,52888
2021-10-15,172428,207121,77693,13276,25344,52881
2021-10-16,172692,207664,77770,13302,25380,52871
2021-10-17,172938,208132,77856,13315,25431,52878
2021-10-18,173134,208525,77932,13330,25463,52880
2021-10-19,173279,208833,77989,13347,25491,52868
2021-10-20,173508,209248,78056,13364,25529,52819
2021-10-21,173752,209917,78156,13381,25576,52811
2021-10-22,173998,210427,78228,13395,25608,52800
2021-10-23,174201,210976,78300,13424,25649,52816
2021-10-24,174399,211398,78372,13444,25673,52797
2021-10-25,174535,211687,78414,13454,25685,52820
2021-10-26,174678,212060,78463,13466,25715,52810
2021-10-27,174865,212497,78537,13483,25747,52794
2021-10-28,175091,213037,78633,13504,25802,52785
2021-10-29,175313,213617,78705,13526,25837,52765
2021-10-30,175537,214124,78791,13547,25866,52769
2021-10-31,175704,214489,78843,13563,25898,52773
2021-11-01,175838,214758,78873,13578,25910,52761
2021-11-02,175993,215034,78922,13594,25931,52726
2021-11-03,176200,215522,78994,13607,25976,52597
2021-11-04,176388,216017,79078,13638,25992,52583
2021-11-05,176625,216533,79150,13676,26017,52563
2021-11-06,176833,216981,79237,13698,26049,52557
2021-11-07,177011,217403,79297,13713,26083,52575
2021-11-08,177129,217706,79332,13725,26110,52635
2021-11-09,177256,217998,79396,13749,26124,52562
2021-11-10,177470,218476,79469,13770,26160,52584
2021-11-11,177754,219052,79602,13830,26162,52514
2021-11-12,178004,219572,79690,13856,26200,52501
2021-11-13,178220,220145,79772,13892,26243,52534
2021-11-14,178430,220629,79847,13912,26278,52529
2021-11-15,178593,221041,79894,13927,26316,52571
2021-11-16,178772,221429,79968,13948,26355,52572
2021-11-17,178988,221929,80034,13968,26388,52528
2021-11-18,179262,222586,80126,14000,26442,52498
2021-11-19,179562,223163,80217,14048,26475,52531
2021-11-20,179786,223726,80291,14073,26515,52622
2021-11-21,180072,224277,80374,14107,26549,52640
2021-11-22,180285,224723,80464,14154,26584,52641
2021-11-23,180456,225178,80523,14180,26614,52640
2021-11-24,180664,225726,80599,14210,26642,52655
2021-11-25,180933,226417,80685,14254,26672,52650
2021-11-26,181197,227001,80763,14284,26718,52645
2021-11-27,181389,227396,80825,14300,26744,52645
2021-11-28,181594,227892,80881,14334,26784,52652
2021-11-29,181803,228328,80926,14361,26822,52659
2021-11-30,182098,229030,81031,14407,26879,52698
2021-12-01,182383,229708,81133,14448,26920,52693
2021-12-02,182812,230803,81267,14489,26997,52745
2021-12-03,183270,231774,81397,14543,27064,52765
2021-12-04,186143,234781,82828,15068,27238,46621
2021-12-05,186413,235295,82914,15083,27281,46690
2021-12-06,186657,235813,83014,15114,27326,46731
2021-12-07,186927,236526,83121,15147,27380,46743
2021-12-08,187285,237176,83211,15185,27444,46750
2021-12-09,187767,237972,83326,15221,27524,46761
2021-12-10,188245,238844,83475,15255,27598,46899
2021-12-11,188638,239461,83559,15286,27654,46958
2021-12-12,189058,240136,83636,15324,27703,47060
2021-12-13,189496,240866,83748,15363,27753,47141
2021-12-14,190070,241653,83870,15403,27823,47264
2021-12-15,190877,242546,84063,15487,27900,47401
2021-12-16,192372,243602,84312,15595,28037,47501
2021-12-17,194037,244836,84562,15674,28171,47672
2021-12-18,195472,246125,84823,15762,28298,47823
2021-12-19,196475,247045,85018,15831,28397,48009
2021-12-20,197001,247437,85109,15867,28446,48099
2021-12-21,200021,249440,85739,16097,28715,48385
2021-12-22,202170,251065,86075,16203,28914,48589
2021-12-23,205869,253307,86693,16419,29239,49008
2021-12-24,210736,256838,87603,16758,29694,49536
2021-12-25,215427,259944,88413,17068,30189,50052
2021-12-26,218376,261876,88948,17233,30476,50378
2021-12-27,221408,263376,89479,17398,30742,50668
2021-12-28,224955,265586,90136,17603,31040,51031
2021-12-29,230221,269403,91296,18067,31681,51593
2021-12-30,236547,274393,93052,18682,32509,52524
2021-12-31,242191,278438,94633,19141,33153,53258
2022-01-01,248233,283257,96423,19722,33945,54143
2022-01-02,252842,286951,97633,20127,34538,54914
2022-01-03,257792,291872,100138,21058,35261,55803
2022-01-04,263501,296884,102096,21726,36126,56838
2022-01-05,267604,300985,103395,22246,36743,57411
2022-01-06,272208,305815,105229,22987,37570,58293
2022-01-07,276612,310520,106860,23662,38283,58954
2022-01-08,281156,315617,108746,24385,39096,59656
2022-01-09,286775,322017,111065,25362,40186,61123
2022-01-10,290027,325478,112529,26006,40765,61875
2022-01-11,293004,329380,114096,26636,41302,62575
2022-01-12,296577,333724,115674,27348,42016,63340
2022-01-13,300218,338047,117040,28060,42640,63901
2022-01-14,303468,342192,118246,28536,43177,64776
2022-01-15,306242,346606,119468,29133,43745,65559
2022-01-16,308497,349948,120520,29500,44178,66324
2022-01-17,310275,352807,121359,29842,44552,66920
2022-01-18,311157,354323,121772,30007,44721,67207
2022-01-19,312139,356284,122313,30285,44984,67535
2022-01-20,314767,359621,123228,30838,45484,68834
2022-01-21,316041,361968,123663,31060,45748,69304
2022-01-22,317320,364356,124172,31287,46000,69717
2022-01-23,318250,366290,124503,31458,46181,69956
2022-01-24,318915,367685,124771,31589,46345,70121
2022-01-25,319510,368976,125008,31729,46475,70303
2022-01-26,320199,370379,125424,31880,46656,70563
2022-01-27,321047,372101,125743,32034,46844,70771
2022-01-28,321754,373707,126027,32171,47004,71050
2022-01-29,322321,375051,126228,32291,47124,71225
2022-01-30,322819,376007,126418,32393,47241,71367
2022-01-31,323072,376615,126492,32445,47300,71446
2022-02-01,323390,377331,126746,32517,47383,71585
2022-02-02,323710,378140,126857,32579,47459,71681
2022-02-03,324193,379298,127024,32697,47550,71836
2022-02-04,324573,380230,127135,32770,47641,71942
2022-02-05,324946,381046,127335,32854,47728,72073
2022-02-06,325218,381669,127413,32912,47788,72147
2022-02-07,325415,382069,127459,32956,47830,72213
2022-02-08,325574,382489,127532,32999,47877,72267
2022-02-09,325736,382934,127582,33038,47915,72327
2022-02-10,325973,383533,127657,33098,47961,72409
2022-02-11,326177,384006,127730,33145,48007,72504
2022-02-12,326354,384555,127797,33192,48062,72550
2022-02-13,326502,384962,127842,33227,48103,72592
2022-02-14,326583,385197,127869,33255,48128,72621
2022-02-15,326807,385753,127903,33259,48148,72226
2022-02-16,326918,386059,127958,33289,48177,72176
2022-02-17,327081,386541,128021,33329,48200,72156
2022-02-18,327291,387036,128091,33379,48250,72135
2022-02-19,327472,387582,128168,33426,48285,72114
2022-02-20,327910,388061,128259,33497,48339,72070
2022-02-21,327995,388266,128290,33523,48358,72073
2022-02-22,328095,388506,128326,33547,48379,72035
2022-02-23,328181,388714,128365,33565,48391,72013
2022-02-24,328328,389121,128425,33606,48422,71988
2022-02-25,328487,389519,128476,33631,48468,71981
2022-02-26,328738,389989,128581,33709,48505,71987
2022-02-27,328825,390233,128609,33729,48527,71967
2022-02-28,328903,390478,128650,33747,48549,71952
2022-03-01,328986,390728,128697,33763,48572,71888
2022-03-02,329097,390965,128741,33796,48590,71850
2022-03-03,329207,391264,128793,33819,48621,71806
2022-03-04,329300,391510,128832,33836,48644,71786
2022-03-05,329391,391735,128860,33857,48664,71783
2022-03-06,329460,391858,128896,33868,48683,71774
2022-03-07,329513,391992,128909,33877,48693,71778
2022-03-08,329572,392154,128951,33899,48705,71775
2022-03-09,329657,392313,128980,33921,48724,71738
2022-03-10,329755,392535,129021,33945,48738,71722
2022-03-11,329908,392674,129152,34024,48720,71584
2022-03-12,330017,392896,129182,34037,48739,71561
2022-03-13,330081,393005,129197,34053,48747,71553
2022-03-14,330134,393078,129212,34062,48749,71547
2022-03-15,330155,393099,129223,34059,48746,71758
2022-03-16,330354,393409,129264,34086,48783,71476
2022-03-17,330464,393619,129304,34130,48808,71423
2022-03-18,330566,393883,129347,34157,48828,71397
2022-03-19,330655,394105,129387,34191,48842,71356
2022-03-20,330722,394203,129410,34210,48859,71336
2022-03-21,330774,394303,129426,34224,48863,71325
2022-03-22,330831,394426,129450,34238,48863,71289
2022-03-23,330902,394577,129466,34260,48862,71276
2022-03-24,330982,394816,129500,34281,48880,71246
2022-03-25,331096,395017,129535,34325,48892,71231
2022-03-26,331227,395241,129550,34350,48916,71213
2022-03-27,331301,395346,129574,34368,48922,71211
2022-03-28,331357,395465,129593,34384,48934,71201
2022-03-29,331423,395627,129618,34413,48937,71193
2022-03-30,331525,395780,129644,34439,48940,71170
2022-03-31,331671,396019,129672,34480,48966,71111
2022-04-01,331778,396225,129700,34518,48987,71149
2022-04-02,331929,396516,129743,34610,49022,71002
2022-04-03,332015,396674,129780,34637,49044,70939
2022-04-04,332102,396826,129796,34663,49064,70945
2022-04-05,332200,396955,129831,34689,49081,70940
2022-04-06,332347,397226,129867,34733,49127,70923
2022-04-07,332539,397556,129929,34794,49192,70704
2022-04-08,332618,397784,130159,34885,49339,70573
2022-04-09,332792,398137,130212,34941,49384,70563
2022-04-10,332940,398387,130244,34986,49413,70568
2022-04-11,333076,398571,130283,35029,49437,70575
2022-04-12,333214,398851,130317,35067,49458,70563
2022-04-13,333350,399080,130356,35102,49480,70558
2022-04-14,333570,399475,130422,35153,49528,70553
2022-04-15,333761,399865,130473,35199,49574,70615
2022-04-16,334030,400373,130560,35284,49601,70503
2022-04-17,334182,400733,130613,35349,49650,70492
2022-04-18,334319,400990,130641,35403,49682,70523
2022-04-19,334458,401238,130677,35443,49721,70688
2022-04-20,334667,401627,130737,35491,49773,70566
2022-04-21,334962,402110,130810,35592,49825,70606
2022-04-22,335290,402601,130878,35665,49868,70618
2022-04-23,335567,403087,130959,35754,49922,70636
2022-04-24,335856,403516,131028,35833,49972,70503
2022-04-25,336008,403714,131071,35864,49995,70536
2022-04-26,336220,404066,131117,35920,50036,70667
2022-04-27,336394,404406,131175,35972,50072,70733
2022-04-28,336832,405098,131275,36076,50142,70721
2022-04-29,337203,405785,131372,36211,50212,70750
2022-04-30,337568,406380,131448,36306,50281,70792
2022-05-01,337756,406614,131475,36329,50314,71015
2022-05-02,337896,406769,131496,36341,50331,71169
2022-05-03,338108,407121,131535,36379,50364,71501
2022-05-04,338657,408087,131682,36553,50471,70888
2022-05-05,339102,408788,131778,36688,50557,70950
2022-05-06,339663,409628,131929,36879,50701,70976
2022-05-07,340206,410474,132035,37043,50787,71076
2022-05-08,340570,411065,132126,37159,50876,71040
2022-05-09,340866,411481,132170,37215,50924,71439
2022-05-10,341215,412102,132243,37279,50990,71892
2022-05-11,341775,413234,132427,37492,51099,71234
2022-05-12,342469,414252,132589,37625,51226,71310
2022-05-13,343228,415361,132740,37820,51365,71424
2022-05-14,344025,416568,132926,37998,51506,71524
2022-05-15,344613,417426,133053,38141,51624,71561
2022-05-16,345024,418141,133154,38256,51706,71670
2022-05-17,345749,419179,133326,38400,51841,71748
2022-05-18,346318,420118,133499,38534,51965,71801
2022-05-19,347132,421391,133697,38722,52136,71927
2022-05-20,347965,422869,133899,38922,52315,72051
2022-05-21,348631,423864,134066,39080,52425,72139
2022-05-22,349159,424729,134218,39210,52548,72189
2022-05-23,349648,425411,134334,39327,52646,72291
2022-05-24,350507,426415,134531,39481,52796,72409
2022-05-25,351081,427369,134684,39638,52900,72450
2022-05-26,351899,428545,134882,39803,53054,72564
2022-05-27,352755,429751,135111,39969,53186,72652
2022-05-28,353506,430709,135275,40091,53291,72756
2022-05-29,354084,431503,135443,40227,53403,72800
2022-05-30,355008,432753,135665,40475,53617,73006
2022-05-31,355344,433227,135742,40564,53695,73096
2022-06-01,355951,433985,135881,40680,53775,73169
2022-06-02,355926,434055,135908,40676,53731,73118
2022-06-03,356707,435163,136101,40859,53889,73184
2022-06-04,357482,436055,136280,41031,53996,73427
2022-06-05,357997,436660,136397,41157,54072,73459
2022-06-06,358390,437111,136481,41244,54148,73525
2022-06-07,359079,437795,136648,41380,54245,73578
2022-06-08,359572,438354,136748,41485,54335,73590
2022-06-09,360189,439095,136901,41615,54417,73623
2022-06-10,360756,439784,137059,41751,54502,73539
2022-06-11,361370,440580,137210,41899,54598,73622
2022-06-12,361813,441036,137304,41977,54653,73639
2022-06-13,362143,441414,137374,42039,54708,73686
2022-06-14,362657,441938,137492,42116,54768,73734
2022-06-15,363015,442457,137579,42190,54840,73768
2022-06-16,363561,443142,137709,42296,54941,73833
2022-06-17,364169,443914,137843,42465,55086,73920
2022-06-18,364645,444492,137945,42567,55179,73957
2022-06-19,365028,444912,138039,42658,55213,73923
2022-06-20,365332,445241,138097,42716,55263,73978
2022-06-21,365537,445568,138149,42762,55300,74016
2022-06-22,366037,446131,138278,42841,55378,74127
2022-06-23,366570,446796,138408,42948,55463,74205
2022-06-24,367170,447456,138535,43051,55557,74319
2022-06-25,367785,448170,138715,43201,55648,74203
2022-06-26,368215,448682,138806,43290,55713,74248
2022-06-27,368567,449045,138879,43350,55762,74307
2022-06-28,369088,449716,138994,43435,55816,74322
2022-06-29,369525,450303,139117,43511,55897,74452
2022-06-30,370147,451038,139275,43641,55981,74439
2022-07-01,370757,451755,139442,43760,56088,74515
2022-07-02,371301,452402,139605,43879,56174,74548
2022-07-03,371748,452886,139702,43981,56235,74508
2022-07-04,372062,453287,139763,44065,56302,74726
2022-07-05,372318,453590,139835,44115,56342,74786
2022-07-06,372884,454207,139960,44232,56405,74678
2022-07-07,373335,454716,140063,44324,56454,74679
2022-07-08,374018,455457,140206,44463,56559,74741
2022-07-09,374727,456213,140362,44604,56654,74802
2022-07-10,375221,456696,140464,44739,56732,74832
2022-07-11,375574,457060,140549,44824,56790,74878
2022-07-12,376237,457767,140698,44934,56873,74914
2022-07-13,376834,458509,140851,45044,56960,75005
2022-07-14,377441,459267,141002,45181,57066,75022
2022-07-15,378167,459876,141201,45296,57216,75005
2022-07-16,378843,460565,141380,45421,57293,75083
2022-07-17,379357,461068,141461,45503,57370,75111
2022-07-18,379735,461434,141548,45613,57440,75172
2022-07-19,380159,461885,141666,45689,57511,75189
2022-07-20,380949,462675,141871,45801,57612,75227
2022-07-21,381708,463496,142062,45933,57700,75294
2022-07-22,382409,464136,142223,46030,57772,75352
2022-07-23,383124,464835,142386,46146,57875,75415
2022-07-24,383574,465227,142470,46203,57939,75426
2022-07-25,384004,465611,142566,46283,57997,75486
2022-07-26,384735,466354,142734,46379,58085,75567
2022-07-27,385363,466999,142888,46472,58166,75629
2022-07-28,385385,467019,142895,46473,58169,77551
2022-07-29,386823,468495,143233,46677,58391,75786
2022-07-30,387579,469119,143416,46782,58478,75835
2022-07-31,388098,469604,143524,46847,58537,75833
2022-08-01,388510,469996,143609,46906,58593,75888
2022-08-02,389216,470591,143782,47005,58676,75915
2022-08-03,389240,470600,143799,47004,58687,77387
2022-08-04,390521,471965,144119,47194,58861,76030
2022-08-05,391149,472577,144261,47277,58969,76177
2022-08-06,391812,473207,144435,47373,59027,76108
2022-08-07,392219,473639,144542,47430,59085,76126
2022-08-08,392574,474006,144627,47491,59118,76189
2022-08-09,393266,474679,144809,47575,59190,76216
2022-08-10,393904,475313,144978,47654,59267,76368
2022-08-11,394611,476042,145119,47739,59343,76546
2022-08-12,395340,476826,145306,47817,59418,76633
2022-08-13,395379,476856,145318,47821,59418,78088
2022-08-14,396338,477792,145561,47945,59532,76636
2022-08-15,396570,478030,145624,47992,59569,76688
2022-08-16,397093,478512,145779,48053,59631,76706
2022-08-17,397532,479070,145905,48116,59701,76690
2022-08-18,398164,479834,146084,48203,59777,76729
2022-08-19,398773,480448,146267,48328,59834,76667
2022-08-20,399265,480996,146400,48397,59889,76687
2022-08-21,399580,481345,146484,48468,59936,76691
2022-08-22,399829,481607,146563,48514,59964,76723
2022-08-23,400326,482206,146689,48570,60027,76767
2022-08-24,400705,482667,146820,48633,60088,76774
2022-08-25,401185,483217,146924,48690,60151,76889
2022-08-26,401643,483734,147054,48749,60228,76907
2022-08-27,402123,484296,147179,48815,60284,76905
2022-08-28,402409,484586,147250,48851,60330,76925
2022-08-29,402640,484833,147310,48905,60371,76956
2022-08-30,403076,485285,147452,48968,60419,76950
2022-08-31,403393,485720,147548,49029,60456,76965
2022-09-01,403837,486309,147728,49130,60528,76928
2022-09-02,404189,486779,147823,49200,60593,76952
2022-09-03,404576,487251,147985,49266,60645,76974
2022-09-04,404857,487496,148099,49313,60672,76873
2022-09-05,405030,487697,148155,49336,60711,76910
2022-09-06,405217,487934,148193,49367,60743,76948
2022-09-07,405657,488435,148311,49428,60809,76954
2022-09-08,405943,488840,148405,49482,60853,76961
2022-09-09,406404,489379,148531,49578,60931,77000
2022-09-10,406881,489848,148652,49660,60994,77053
2022-09-11,407119,490112,148716,49712,61031,77033
2022-09-12,407309,490318,148768,49748,61056,77061
2022-09-13,407689,490713,148899,49799,61117,77068
2022-09-14,408038,491137,149010,49853,61185,77076
2022-09-15,408429,491702,149139,49926,61242,77091
2022-09-16,408837,492240,149260,49994,61320,77084
2022-09-17,409196,492706,149416,50097,61293,77011
2022-09-18,409390,492980,149473,50134,61319,76989
2022-09-19,409551,493211,149522,50164,61350,77019
2022-09-20,409855,493598,149622,50206,61390,77031
2022-09-21,410181,493989,149750,50274,61428,77044
2022-09-22,410546,494433,149842,50322,61470,77143
2022-09-23,410938,494876,149955,50375,61543,77060
2022-09-24,411271,495328,150033,50426,61592,77082
2022-09-25,411281,495337,150035,50423,61597,77623
2022-09-26,411286,495337,150036,50424,61602,78018
2022-09-27,411297,495353,150044,50431,61595,78712
2022-09-28,412130,496487,150301,50567,61713,77123
2022-09-29,412470,496865,150372,50603,61760,77111
2022-09-30,412775,497249,150466,50665,61792,77085
2022-10-01,413077,497632,150543,50708,61825,77059
2022-10-02,413252,497913,150578,50738,61842,77044
2022-10-03,413359,498095,150604,50753,61857,77064
2022-10-04,413566,498396,150679,50785,61890,77042
2022-10-05,413814,498724,150734,50834,61916,77021
2022-10-06,414093,499152,150815,50878,61942,77000
2022-10-07,414381,499535,150874,50904,61969,77002
2022-10-08,414640,499874,150955,50941,61992,76982
2022-10-09,414777,500110,151005,50977,62004,76930
2022-10-10,414887,500272,151036,51000,62023,76944
2022-10-11,414993,500491,151069,51019,62044,76960
2022-10-12,415297,500862,151154,51051,62052,76942
2022-10-13,415513,501235,151204,51079,62097,76936
2022-10-14,415831,501571,151280,51172,62111,76848
2022-10-15,416090,501937,151362,51208,62146,76853
2022-10-16,416236,502129,151425,51239,62166,76827
2022-10-17,416354,502317,151456,51265,62178,76837
2022-10-18,416655,502649,151521,51332,62163,76825
2022-10-19,416908,502951,151585,51368,62189,76833
2022-10-20,416908,502951,151585,51368,62189,77590
2022-10-21,417412,503626,151755,51435,62259,76792
2022-10-22,417693,503902,151822,51475,62299,76764
2022-10-23,417843,504112,151864,51502,62317,76721
2022-10-24,417966,504273,151891,51522,62342,76737
2022-10-25,418221,504549,151960,51548,62362,76716
2022-10-26,418469,504803,152026,51579,62391,76707
2022-10-27,418789,505207,152115,51628,62427,76715
2022-10-28,419121,505547,152206,51678,62473,76715
2022-10-29,419420,505861,152279,51716,62508,76775
2022-10-30,419628,506063,152331,51734,62540,76711
2022-10-31,419749,506183,152355,51760,62559,76725
2022-11-01,420106,506502,152436,51789,62593,76717
2022-11-02,420364,506809,152499,51828,62626,76718
2022-11-03,420734,507169,152585,51865,62666,76721
2022-11-04,421076,507507,152670,51901,62707,76714
2022-11-05,421435,507837,152763,51958,62739,76715
2022-11-06,421641,508040,152818,51984,62756,76684
2022-11-07,421830,508192,152854,52013,62774,76711
2022-11-08,422165,508500,152945,52065,62814,76719
2022-11-09,422390,508720,153019,52095,62842,76689
2022-11-10,422701,509042,153123,52140,62859,76693
2022-11-11,423056,509335,153123,52195,62951,76642
2022-11-12,423266,509572,153172,52225,62981,76591
2022-11-13,423409,509729,153205,52245,62996,76607
2022-11-14,423503,509822,153229,52254,63018,76617
2022-11-15,423832,510088,153323,52289,63059,76618
2022-11-16,424125,510354,153385,52326,63078,76615
2022-11-17,424429,510661,153473,52366,63104,76597
2022-11-18,424736,510960,153547,52395,63142,76578
2022-11-19,425030,511257,153663,52448,63169,76541
2022-11-20,425052,511272,153673,52448,63153,76960
2022-11-21,425068,511276,153679,52453,63145,77240
2022-11-22,425627,511856,153814,52524,63209,76505
2022-11-23,425883,512126,153876,52562,63226,76503
2022-11-24,426152,512431,153941,52614,63258,76511
2022-11-25,426155,512431,153939,52614,63259,77004
2022-11-26,426157,512443,153940,52614,63248,77297
2022-11-27,426157,512447,153942,52616,63242,77656
2022-11-28,426154,512443,153954,52616,63238,78032
2022-11-29,427132,513408,154182,52755,63344,76694
2022-11-30,427406,513727,154252,52796,63377,76750
2022-12-01,427888,514196,154364,52858,63428,76872
2022-12-02,428328,514662,154491,52937,63483,76957
2022-12-03,428686,515020,154600,52972,63540,77036
2022-12-04,428916,515261,154659,53003,63568,77301
2022-12-05,429085,515418,154702,53030,63593,77343
2022-12-06,429517,515814,154837,53086,63639,77145
2022-12-07,429810,516100,154902,53119,63673,77312
2022-12-08,430180,516488,154995,53167,63727,77393
2022-12-09,430619,516932,155110,53258,63737,77436
2022-12-10,431081,517425,155230,53302,63793,77383
2022-12-11,431354,517706,155317,53346,63818,77343
2022-12-12,431547,517914,155355,53364,63837,77357
2022-12-13,432029,518336,155491,53420,63889,77346
2022-12-14,432640,518827,155587,53440,64045,77016
2022-12-15,433108,519341,155712,53503,64110,77000
2022-12-16,433508,519741,155855,53551,64179,76995
2022-12-17,434282,520528,156152,53714,64275,76249
2022-12-18,434617,520866,156237,53758,64330,76240
2022-12-19,434862,521121,156303,53784,64355,76262
2022-12-20,435134,521452,156391,53812,64413,76275
2022-12-21,435739,522060,156588,53873,64482,76350
2022-12-22,436097,522485,156699,53912,64530,76414
2022-12-23,436674,523105,156853,53984,64589,76193
2022-12-24,437039,523582,156950,54044,64635,76379
2022-12-25,437280,523863,157025,54082,64673,76404
2022-12-26,437476,524089,157071,54106,64700,76421
2022-12-27,437646,524279,157113,54139,64728,76434
2022-12-28,437898,524573,157184,54158,64755,76403
2022-12-29,438541,525268,157335,54248,64832,76438
2022-12-30,439148,525898,157494,54325,64896,76473
2022-12-31,439601,526434,157646,54379,64946,76510
2023-01-01,439949,526795,157738,54436,64968,76497
2023-01-02,440152,527058,157779,54466,64990,76528
2023-01-03,440309,527263,157819,54489,65014,76549
2023-01-04,440906,527872,157999,54548,65074,76544
2023-01-05,441370,528464,158138,54619,65143,76542
2023-01-06,441912,529011,158292,54697,65221,76566
2023-01-07,442453,529629,158368,54772,65361,76576
2023-01-08,442769,529977,158450,54821,65402,76575
2023-01-09,442978,530201,158510,54848,65437,76596
2023-01-10,443470,530648,158658,54934,65494,76919
2023-01-11,443799,530974,158798,54998,65557,76896
2023-01-12,443799,530974,158798,54998,65557,77896
2023-01-13,444550,531812,159068,55126,65637,76902
2023-01-14,444953,532082,159117,55143,65804,76824
2023-01-15,445202,532326,159168,55171,65815,76802
2023-01-16,445315,532486,159208,55189,65838,76814
2023-01-17,445468,532659,159248,55204,65862,76835
2023-01-18,445861,533126,159392,55244,65904,76902
2023-01-19,446202,533504,159498,55288,65950,76835
2023-01-20,446606,533906,159622,55337,65983,76521
2023-01-21,447045,534362,159738,55395,66038,76496
2023-01-22,447254,534593,159826,55437,66068,76477
2023-01-23,447429,534801,159882,55451,66093,76494
2023-01-24,447789,535182,160015,55502,66138,76497
2023-01-25,448138,535541,160181,55546,66181,76495
2023-01-26,448529,535905,160321,55585,66225,76484
2023-01-27,448893,536228,160419,55630,66258,76478
2023-01-28,449136,536498,160481,55656,66285,76639
2023-01-29,448946,536384,160431,55652,66274,77373
2023-01-30,448944,536392,160436,55649,66274,77728
2023-01-31,448959,536394,160444,55655,66268,78476
2023-02-01,450056,537493,160761,55766,66384,76446
2023-02-02,450056,537493,160761,55766,66384,77036
2023-02-03,450355,537975,160779,55839,66479,76900
2023-02-04,450873,538476,160931,55888,66541,76458
2023-02-05,451072,538673,161004,55939,66563,76412
2023-02-06,451170,538819,161041,55947,66578,76426
2023-02-07,451469,539178,161118,55986,66612,76419
2023-02-08,451711,539445,161191,56019,66638,76404
2023-02-09,451999,539755,161345,56105,66626,76326
2023-02-10,452258,540056,161441,56128,66666,76312
2023-02-11,452543,540352,161511,56152,66694,76307
2023-02-12,452734,540542,161587,56175,66713,76302
2023-02-13,452835,540692,161612,56194,66725,76314
2023-02-14,453085,541009,161712,56218,66760,76308
2023-02-15,453291,541258,161753,56240,66774,76298
2023-02-16,453535,541556,161830,56263,66794,76286
2023-02-17,453758,541829,161893,56289,66821,76281
2023-02-18,453977,542049,161946,56319,66833,76284
2023-02-19,454133,542237,162003,56348,66849,76248
2023-02-20,454236,542359,162041,56367,66860,76262
2023-02-21,454338,542496,162068,56377,66875,76274
2023-02-22,454599,542785,162154,56405,66905,76267
2023-02-23,454758,542964,162192,56435,66937,76300
2023-02-24,454955,543195,162264,56469,66960,76277
2023-02-25,455208,543434,162347,56508,66982,76217
2023-02-26,455336,543569,162385,56529,66991,76186
2023-02-27,455420,543692,162414,56551,67005,76199
2023-02-28,455603,543925,162456,56574,67028,76191
2023-03-01,455763,544132,162503,56589,67042,76167
2023-03-02,455937,544369,162563,56619,67050,76147
2023-03-03,456088,544527,162626,56633,67058,76129
2023-03-04,456313,544764,162690,56651,67069,76099
2023-03-05,456404,544915,162710,56664,67083,76081
2023-03-06,456479,545012,162740,56674,67096,76091
2023-03-07,427912,522178,153430,54572,64051,142357
2023-03-08,456770,545360,162836,56694,67139,76067
2023-03-09,456960,545491,162939,56753,67153,76001
2023-03-10,457114,545688,162986,56766,67168,75983
2023-03-11,457259,545857,163033,56782,67184,75960
2023-03-12,457371,545984,163073,56793,67206,75928
2023-03-13,457450,546072,163089,56806,67219,75933
2023-03-14,457583,546228,163137,56823,67235,75923
2023-03-15,457726,546392,163177,56834,67263,75905
2023-03-16,457826,546550,163217,56850,67273,75880
2023-03-17,457939,546721,163238,56867,67292,75894
2023-03-18,458045,546860,163272,56880,67302,75910
2023-03-19,458101,546940,163299,56891,67312,75913
2023-03-20,458157,547026,163314,56897,67316,75919
2023-03-21,458259,547173,163337,56910,67331,75922
2023-03-22,458365,547314,163362,56922,67344,75934
2023-03-23,458487,547514,163391,56941,67367,75953
2023-03-24,458630,547680,163428,56960,67385,75974
2023-03-25,458735,547837,163464,56981,67403,75988
2023-03-26,458813,547922,163481,56992,67413,75996
2023-03-27,458879,548023,163506,57005,67419,76006
2023-03-28,458974,548139,163532,57015,67434,76014
2023-03-29,459038,548258,163558,57026,67446,76015
2023-03-30,459152,548411,163578,57042,67456,76033
2023-03-31,459250,548536,163604,57060,67460,76050
2023-04-01,459346,548655,163635,57073,67466,76058
2023-04-02,459404,548744,163651,57076,67476,76065
2023-04-03,459455,548826,163671,57082,67484,76075
2023-04-04,459542,548948,163695,57096,67502,76076
2023-04-05,459616,549047,163713,57106,67514,76086
2023-04-06,459675,549172,163729,57114,67523,76093
2023-04-07,459709,549346,163780,57159,67509,76041
2023-04-08,459787,549485,163745,57168,67511,76038
2023-04-09,459825,549559,163773,57179,67518,76047
2023-04-10,459867,549646,163783,57188,67534,76056
2023-04-11,459939,549734,163797,57197,67551,76057
2023-04-12,459988,549835,163810,57204,67555,76061
2023-04-13,460050,549934,163827,57221,67563,76064
2023-04-14,460090,550050,163838,57232,67576,76068
2023-04-15,460137,550132,163849,57238,67589,76080
2023-04-16,460184,550202,163871,57245,67598,76085
2023-04-17,460220,550290,163880,57254,67602,76089
2023-04-18,460284,550425,163899,57271,67609,76096
2023-04-19,460350,550539,163911,57290,67617,76104
2023-04-20,460400,550653,163926,57302,67629,76105
2023-04-21,460422,550661,163985,57306,67755,76116
2023-04-22,460488,550759,164006,57326,67770,76118
2023-04-23,460526,550843,164016,57344,67773,76117
2023-04-24,460555,550932,164029,57363,67783,76121
2023-04-25,460606,551023,164046,57374,67793,76130
2023-04-26,460651,551125,164061,57384,67800,76131
2023-04-27,460707,551235,164083,57391,67807,76130
2023-04-28,460748,551358,164095,57411,67820,76134
2023-04-29,460798,551458,164106,57427,67831,76142
2023-04-30,460798,551457,164111,57427,67831,76293
2023-05-01,460801,551457,164108,57428,67831,76428
2023-05-02,460890,551724,164146,57454,67857,76155
2023-05-03,460926,551820,164171,57474,67871,76152
2023-05-04,460963,551936,164186,57482,67875,76139
2023-05-05,460999,552045,164199,57494,67885,76139
2023-05-06,461038,552167,164211,57512,67902,76149
2023-05-07,461042,552171,164205,57514,67901,76294
2023-05-08,461040,552169,164208,57515,67902,76350
2023-05-09,461135,552391,164234,57546,67917,76162
2023-05-10,461183,552468,164245,57558,67925,76166
2023-05-11,461223,552567,164259,57567,67940,76169
2023-05-12,461334,552761,164283,57648,68012,75870
2023-05-13,461402,552872,164304,57677,68031,75819
2023-05-14,461411,552880,164307,57676,68030,75851
2023-05-15,461409,552882,164315,57675,68036,75883
2023-05-16,461519,553030,164350,57701,68052,75742
2023-05-17,461568,553133,164372,57720,68063,75700
2023-05-18,461637,553247,164394,57727,68077,75647
2023-05-19,461721,553345,164410,57739,68077,75610
2023-05-20,461796,553427,164430,57759,68073,75587
2023-05-21,461806,553435,164430,57757,68074,75684
2023-05-22,461811,553441,164432,57758,68074,75743
2023-05-23,461811,553441,164432,57758,68074,75837
2023-05-24,461951,553623,164472,57781,68081,75498
2023-05-25,461985,553679,164488,57783,68092,75453
2023-05-26,462033,553712,164489,57789,68095,75428
2023-05-27,462041,553722,164497,57796,68097,75477
2023-05-28,462045,553729,164503,57794,68095,75514
2023-05-29,462091,553763,164508,57802,68096,75459
2023-05-30,462087,553770,164517,57805,68093,75477
2023-05-31,462160,553854,164538,57819,68103,75329
2023-06-01,462219,553914,164546,57830,68099,75289
2023-06-02,462260,553949,164558,57839,68099,75256
2023-06-03,462295,553997,164575,57843,68104,75223
2023-06-04,462298,554005,164581,57841,68106,75248
2023-06-05,462301,554009,164584,57842,68107,75268
2023-06-06,462352,554084,164610,57852,68106,75161
2023-06-07,462371,554133,164619,57862,68108,75130
2023-06-08,462512,554227,164652,57916,68140,74832
2023-06-09,462548,554267,164663,57920,68144,74796
2023-06-10,462569,554289,164670,57929,68155,74768
2023-06-11,462624,554300,164678,57942,68161,74714
2023-06-12,462630,554303,164679,57939,68162,74746
2023-06-13,462705,554376,164698,57954,68168,74639
2023-06-14,462725,554411,164728,57955,68174,74599
2023-06-15,462760,554437,164742,57961,68183,74571
2023-06-16,462786,554475,164766,57961,68183,74535
2023-06-17,462814,554521,164770,57966,68187,74502
2023-06-18,462814,554526,164778,57965,68187,74527
2023-06-19,462816,554526,164782,57965,68188,74545
2023-06-20,462821,554528,164803,57968,68188,74546
2023-06-21,462888,554619,164824,57980,68199,74430
2023-06-22,462938,554660,164843,57984,68200,74392
2023-06-23,462971,554695,164856,57993,68194,74369
2023-06-24,463016,554718,164869,57995,68190,74348
2023-06-25,463022,554722,164874,57995,68185,74365
2023-06-26,463028,554724,164874,57994,68184,74391
2023-06-27,463062,554764,164907,58005,68191,74306
2023-06-28,463112,554804,164922,58009,68195,74277
2023-06-29,463138,554840,164942,58019,68197,74247
2023-06-30,463178,554879,164962,58026,68198,74209
2023-07-01,463214,554904,164979,58033,68201,74183
2023-07-02,463210,554906,164987,58031,68200,74229
2023-07-03,463211,554902,164993,58031,68202,74266
2023-07-04,463298,554976,165019,58032,68214,74141
2023-07-05,463298,554980,165030,58031,68212,74175
2023-07-06,463364,555032,165065,58039,68215,74096
2023-07-07,463381,555069,165088,58044,68214,74072
2023-07-08,463425,555101,165109,58045,68224,74046
2023-07-09,463432,555102,165111,58043,68222,74089
2023-07-10,463432,555104,165117,58040,68222,74114
2023-07-11,463517,555172,165137,58048,68231,74012
2023-07-12,463564,555214,165143,58055,68237,73985
2023-07-13,463597,555258,165163,58061,68235,73956
2023-07-14,463721,555219,165140,58085,68272,73997
2023-07-15,463799,555282,165170,58089,68292,73898
2023-07-16,463801,555288,165177,58091,68292,73955
2023-07-17,463809,555291,165180,58090,68289,73994
2023-07-18,463957,555397,165226,58108,68308,73761
2023-07-19,464025,555428,165242,58115,68313,73735
2023-07-20,464081,555481,165262,58121,68320,73705
2023-07-21,464142,555520,165276,58129,68327,73683
2023-07-22,464199,555550,165299,58134,68329,73655
2023-07-23,464204,555551,165304,58134,68333,73715
2023-07-24,464206,555552,165311,58133,68336,73758
2023-07-25,464338,555647,165361,58141,68354,73603
2023-07-26,464411,555723,165387,58144,68354,73576
2023-07-27,464476,555777,165421,58152,68356,73558
2023-07-28,464523,555815,165448,58160,68359,73538
2023-07-29,464600,555862,165475,58173,68358,73520
2023-07-30,464611,555863,165481,58174,68356,73602
2023-07-31,464611,555867,165484,58175,68355,73675
2023-08-01,464749,555974,165522,58196,68369,73512
2023-08-02,464847,556028,165557,58195,68369,73455
2023-08-03,464924,556094,165584,58200,68375,73415
2023-08-04,465015,556163,165607,58213,68380,73388
2023-08-05,465075,556219,165622,58225,68384,73359
2023-08-06,465083,556227,165623,58225,68385,73482
2023-08-07,465086,556227,165627,58228,68383,73560
2023-08-08,465086,556227,165627,58228,68383,73725
2023-08-09,465323,556443,165723,58244,68420,73298
2023-08-10,465441,556528,165758,58252,68415,73244
2023-08-11,465576,556593,165763,58329,68442,73164
2023-08-12,465680,556661,165792,58337,68450,73149
2023-08-13,465684,556667,165795,58336,68451,73258
2023-08-14,465682,556667,165815,58336,68451,73344
2023-08-15,465682,556667,165815,58336,68451,73570
2023-08-16,465999,556903,165905,58364,68492,73068
2023-08-17,466116,556999,165935,58382,68505,73049
2023-08-18,466226,557091,165965,58389,68510,73058
2023-08-19,466340,557174,165985,58408,68521,73043
2023-08-20,466343,557180,165985,58408,68518,73162
2023-08-21,466343,557183,165987,58411,68520,73264
2023-08-22,466575,557407,166036,58440,68546,73013
2023-08-23,466681,557482,166052,58450,68559,73031
2023-08-24,466835,557603,166080,58468,68580,73009
2023-08-25,466985,557722,166133,58472,68588,72976
2023-08-26,467076,557807,166156,58480,68598,72964
2023-08-27,467081,557809,166160,58484,68595,73133
2023-08-28,467091,557813,166191,58490,68593,73226
2023-08-29,467409,558096,166277,58538,68644,72893
2023-08-30,467527,558193,166315,58558,68658,72883
2023-08-31,467723,558337,166357,58580,68667,72863
2023-09-01,467873,558491,166411,58601,68686,72832
2023-09-02,467998,558605,166462,58622,68704,72827
2023-09-03,468003,558604,166468,58622,68702,73035
2023-09-04,468003,558606,166473,58624,68704,73180
2023-09-05,468004,558610,166473,58624,68703,73363
2023-09-06,468459,558979,166591,58667,68755,72799
2023-09-07,468662,559125,166656,58675,68775,72772
2023-09-08,468849,559300,166723,58708,68790,72757
2023-09-09,469082,559480,166791,58733,68811,72764
2023-09-10,469092,559481,166798,58732,68809,73028
2023-09-11,469092,559488,166799,58734,68807,73195
2023-09-12,469479,559803,166914,58774,68863,72752
2023-09-13,469624,559934,166961,58783,68872,72739
2023-09-14,469839,560114,167019,58813,68906,72715
2023-09-15,470031,560286,167044,58860,68970,72650
2023-09-16,470175,560394,167081,58875,68983,72638
2023-09-17,470181,560395,167080,58880,68984,72824
2023-09-18,470184,560398,167081,58882,68982,72969
2023-09-19,470184,560398,167081,58882,68982,73342
2023-09-20,470584,560799,167215,58912,69029,72647
2023-09-21,470732,560940,167280,58923,69047,72625
2023-09-22,470907,561084,167327,58943,69065,72605
2023-09-23,471036,561196,167355,58959,69080,72592
2023-09-24,471038,561202,167357,58959,69077,72827
2023-09-25,471045,561204,167364,58956,69075,72942
2023-09-26,471353,561554,167444,58993,69121,72573
2023-09-27,471471,561671,167473,59001,69135,72545
2023-09-28,471608,561814,167519,59018,69153,72516
2023-09-29,471731,561954,167550,59031,69181,72505
2023-09-30,471819,562079,167581,59049,69187,72470
2023-10-01,471824,562092,167581,59053,69181,72675
2023-10-02,471827,562092,167581,59052,69181,72791
2023-10-03,472079,562358,167640,59073,69213,72441
2023-10-04,472176,562472,167662,59094,69222,72416
2023-10-05,472253,562562,167698,59100,69224,72391
2023-10-06,472361,562678,167720,59111,69239,72381
2023-10-07,472449,562792,167748,59123,69251,72356
2023-10-08,472451,562804,167751,59121,69249,72481
2023-10-09,472464,562804,167753,59123,69247,72577
2023-10-10,472473,562810,167751,59128,69256,72809
2023-10-11,472710,563145,167816,59165,69278,72295
2023-10-12,472758,563234,167820,59172,69290,72306
2023-10-13,472880,563285,167837,58984,69611,72208
2023-10-14,472959,563377,167859,58986,69621,72207
2023-10-15,472967,563384,167856,58983,69623,72304
2023-10-16,472976,563387,167860,58980,69624,72406
2023-10-17,473155,563595,167907,58997,69645,72166
2023-10-18,473228,563716,167928,59002,69660,72143
2023-10-19,473234,563736,167926,59000,69660,72383
2023-10-20,473431,563983,167971,59020,69671,72099
2023-10-21,473508,564087,167983,59022,69686,72077
2023-10-22,473515,564086,167989,59020,69684,72255
2023-10-23,473522,564083,167988,59018,69688,72354
2023-10-24,473723,564296,168030,59040,69715,72048
2023-10-25,473787,564393,168056,59051,69732,72028
2023-10-26,473878,564501,168076,59063,69743,72021
2023-10-27,473998,564625,168109,59081,69745,71994
2023-10-28,474089,564742,168140,59094,69739,71961
2023-10-29,474094,564747,168147,59097,69734,72086
2023-10-30,474099,564753,168152,59094,69733,72202
2023-10-31,474266,565021,168195,59118,69773,71925
2023-11-01,474353,565138,168235,59127,69781,71900
2023-11-02,474454,565260,168260,59133,69796,71869
2023-11-03,474563,565360,168291,59141,69810,71840
2023-11-04,474651,565447,168313,59152,69821,71844
2023-11-05,474656,565457,168317,59151,69822,71950
2023-11-06,474658,565464,168318,59147,69825,72039
2023-11-07,474879,565674,168368,59177,69839,71792
2023-11-08,474950,565751,168379,59189,69847,71793
2023-11-09,475071,565882,168407,59194,69849,71753
2023-11-10,475194,566069,168403,59197,69894,71664
2023-11-11,475205,566081,168412,59205,69891,71910
2023-11-12,475213,566083,168410,59208,69886,72064
2023-11-13,475216,566085,168412,59211,69883,72190
2023-11-14,475508,566396,168476,59236,69915,71732
2023-11-15,475679,566529,168521,59252,69929,71584
2023-11-16,475803,566665,168551,59259,69952,71556
2023-11-17,475943,566825,168588,59270,69959,71539
2023-11-18,476032,566920,168611,59278,69970,71550
2023-11-19,476037,566924,168605,59281,69970,71718
2023-11-20,476040,566924,168605,59280,69970,71859
2023-11-21,476278,567188,168659,59302,69989,71571
2023-11-22,476399,567310,168679,59316,69996,71545
2023-11-23,476531,567471,168736,59318,70002,71501
2023-11-24,476531,567478,168736,59321,70002,71671
2023-11-25,476543,567478,168742,59321,70002,71793
2023-11-26,476544,567487,168746,59322,70004,71927
2023-11-27,476544,567488,168746,59322,70009,72088
2023-11-28,476994,567960,168854,59359,70061,71435
2023-11-29,477107,568092,168887,59380,70083,71411
2023-11-30,477222,568252,168916,59394,70090,71370
2023-12-01,477396,568405,168954,59402,70101,71354
2023-12-02,477519,568525,168989,59412,70121,71329
2023-12-03,477526,568527,168985,59415,70126,71530
2023-12-04,477529,568538,168989,59416,70125,71681
2023-12-05,477891,568925,169073,59461,70161,71195
2023-12-06,478031,569053,169106,59482,70180,71171
2023-12-07,478182,569196,169139,59498,70197,71139
2023-12-08,478355,569357,169229,59495,70275,71055
2023-12-09,478496,569501,169274,59519,70285,71034
2023-12-10,478501,569507,169273,59519,70284,71243
2023-12-11,478504,569514,169272,59520,70285,71418
2023-12-12,478807,569843,169340,59551,70322,71035
2023-12-13,478928,569958,169376,59558,70331,70990
2023-12-14,479083,570143,169406,59572,70357,70973
2023-12-15,479244,570332,169451,59590,70387,70956
2023-12-16,479375,570494,169488,59615,70406,70933
2023-12-17,479382,570497,169487,59619,70406,71195
2023-12-18,479385,570498,169496,59616,70406,71372
2023-12-19,479794,570905,169559,59655,70464,70897
2023-12-20,479954,571082,169594,59672,70489,70875
2023-12-21,480178,571292,169648,59692,70518,70863
2023-12-22,480381,571469,169705,59709,70532,70896
2023-12-23,480569,571651,169743,59720,70548,70883
2023-12-24,480569,571655,169743,59722,70550,71145
2023-12-25,480574,571656,169746,59722,70551,71381
2023-12-26,480578,571656,169748,59722,70556,71610
2023-12-27,481067,572157,169874,59760,70602,71028
2023-12-28,481377,572462,169952,59791,70629,71008
2023-12-29,481614,572713,169999,59814,70643,71069
2023-12-30,481887,572953,170056,59840,70675,71061
2023-12-31,481891,572955,170061,59836,70681,71482
2024-01-01,481892,572958,170062,59839,70679,71759
2024-01-02,481898,572961,170063,59838,70681,71902
2024-01-03,482539,573607,170183,59898,70732,71253
2024-01-04,482791,573847,170256,59915,70767,71240
2024-01-05,483175,574137,170324,59955,70792,71216
2024-01-06,483446,574398,170381,59983,70837,71202
2024-01-07,483449,574403,170388,59987,70835,71527
2024-01-08,483454,574407,170390,59988,70834,71775
2024-01-09,484017,574894,170488,60039,70906,71184
2024-01-10,484231,575092,170543,60062,70928,71174
2024-01-11,484456,575268,170620,60092,70952,71160
2024-01-12,484715,575443,170676,60111,70993,71134
2024-01-13,484715,575443,170676,60111,70993,71580
2024-01-14,484715,575443,170676,60111,70993,71855
2024-01-15,484715,575443,170676,60111,70993,72056
2024-01-16,484715,575443,170676,60111,70993,72279
2024-01-17,485422,576077,170878,60182,71261,70971
2024-01-18,485594,576198,170919,60190,71292,70946
2024-01-19,485769,576352,170954,60207,71312,70931
2024-01-20,485911,576472,170985,60227,71337,70911
2024-01-21,485912,576478,170993,60223,71338,71075
2024-01-22,485918,576479,171001,60223,71344,71143
2024-01-23,486185,576750,171069,60250,71383,70872
2024-01-24,486325,576876,171117,60267,71392,70858
2024-01-25,486446,576993,171149,60280,71402,70849
2024-01-26,486596,577137,171194,60287,71433,70833
2024-01-27,486735,577259,171231,60303,71456,70821
2024-01-28,486737,577258,171231,60303,71462,71029
2024-01-29,486742,577266,171229,60304,71462,71162
2024-01-30,487035,577557,171332,60336,71492,70790
2024-01-31,487138,577653,171362,60354,71505,70758
2024-02-01,487260,577806,171398,60369,71511,70731
2024-02-02,487399,577923,171430,60376,71529,70709
2024-02-03,487529,578045,171466,60391,71544,70691
2024-02-04,487537,578049,171470,60391,71543,70846
2024-02-05,487543,578045,171474,60390,71544,70968
2024-02-06,487801,578304,171545,60416,71565,70661
2024-02-07,487947,578410,171585,60438,71575,70630
2024-02-08,488076,578537,171626,60460,71589,70600
2024-02-09,488318,578738,171735,60517,71582,70384
2024-02-10,488450,578838,171790,60534,71595,70366
2024-02-11,488466,578845,171795,60537,71598,70500
2024-02-12,488477,578857,171799,60541,71603,70612
2024-02-13,488751,579118,171883,60565,71631,70288
2024-02-14,488859,579227,171912,60581,71642,70272
2024-02-15,488974,579344,171948,60596,71664,70253
2024-02-16,489126,579456,171981,60606,71677,70234
2024-02-17,489240,579610,172032,60623,71693,70203
2024-02-18,489245,579611,172032,60621,71698,70346
2024-02-19,489249,579619,172031,60624,71695,70452
2024-02-20,489257,579626,172042,60625,71691,70737
2024-02-21,489568,579930,172140,60663,71729,70163
2024-02-22,489669,580020,172158,60676,71735,70151
2024-02-23,489804,580165,172206,60691,71745,70119
2024-02-24,489922,580271,172246,60703,71761,70093
2024-02-25,489926,580278,172242,60703,71764,70249
2024-02-26,489933,580276,172245,60705,71763,70339
2024-02-27,490148,580507,172313,60724,71785,70055
2024-02-28,490256,580605,172344,60723,71784,70032
2024-02-29,490278,580648,172359,60716,71787,70224
2024-03-01,490395,580743,172381,60723,71800,70227
2024-03-02,490475,580836,172412,60732,71807,70211
2024-03-03,490476,580842,172414,60735,71808,70327
2024-03-04,490482,580844,172419,60734,71804,70407
2024-03-05,490682,580992,172462,60753,71824,70172
2024-03-06,490775,581063,172488,60758,71839,70146
2024-03-07,490857,581155,172512,60767,71844,70124
2024-03-08,490979,581256,172537,60803,71858,69999
2024-03-09,491066,581346,172558,60817,71849,69976
2024-03-10,491072,581344,172561,60816,71852,70058
2024-03-11,491071,581347,172563,60821,71852,70117
2024-03-12,491217,581516,172596,60839,71869,69944
2024-03-13,491270,581580,172627,60842,71883,69922
2024-03-14,491324,581659,172653,60843,71892,69898
2024-03-15,491404,581721,172669,60851,71903,69873
2024-03-16,491465,581776,172683,60859,71906,69843
2024-03-17,491470,581781,172684,60860,71905,69898
2024-03-18,491473,581791,172681,60858,71902,69924
2024-03-19,491606,581959,172722,60873,71929,69816
2024-03-20,491705,582081,172754,60884,71944,69803
2024-03-21,491840,582236,172767,60901,71960,69781
2024-03-22,491919,582310,172791,60909,71956,69777
2024-03-23,492024,582398,172815,60924,71965,69792
2024-03-24,492029,582402,172814,60925,71969,69948
2024-03-25,492026,582407,172822,60921,71970,69974
2024-03-26,492182,582538,172841,60944,71986,69818
2024-03-27,492223,582573,172856,60944,71991,69824
2024-03-28,492271,582608,172864,60958,71996,69795
2024-03-29,492328,582650,172876,60959,72006,69780
2024-03-30,492360,582677,172888,60962,72017,69763
2024-03-31,492364,582676,172891,60960,72017,69794
2024-04-01,492362,582678,172895,60957,72016,69838
2024-04-02,492447,582762,172928,60970,72018,69724
2024-04-03,492488,582818,172948,60980,72026,69699
2024-04-04,492530,582856,172964,60992,72026,69676
2024-04-05,492573,582895,172974,61000,72035,69676
2024-04-06,492612,582954,172996,61002,72034,69629
2024-04-07,492615,582958,172996,61006,72038,69663
2024-04-08,492618,582957,172998,61008,72040,69695
2024-04-09,492717,583058,173017,61015,72056,69579
2024-04-10,492759,583106,173029,61020,72051,69564
2024-04-11,492803,583145,173038,61031,72049,69546
2024-04-12,492827,583163,173126,61018,72098,69467
2024-04-13,492868,583206,173139,61026,72104,69440
2024-04-14,492869,583205,173138,61027,72104,69492
2024-04-15,492875,583212,173140,61026,72105,69509
2024-04-16,492977,583313,173168,61039,72105,69396
2024-04-17,493006,583356,173177,61046,72123,69372
2024-04-18,493043,583404,173192,61050,72128,69335
2024-04-19,493084,583441,173204,61047,72134,69326
2024-04-20,493117,583479,173218,61051,72128,69314
2024-04-21,493116,583479,173216,61052,72137,69343
2024-04-22,493125,583486,173210,61053,72135,69364
2024-04-23,493194,583572,173239,61068,72125,69267
2024-04-24,493230,583603,173255,61072,72124,69237
2024-04-25,493263,583632,173273,61074,72133,69205
2024-04-26,493295,583655,173283,61085,72137,69181
2024-04-27,493321,583690,173291,61084,72149,69157
2024-04-28,493321,583691,173291,61084,72152,69178
2024-04-29,493328,583690,173292,61084,72154,69189
2024-04-30,493393,583752,173308,61092,72158,69123
2024-05-01,493429,583780,173330,61094,72150,69104
2024-05-02,493466,583809,173334,61099,72162,69087
2024-05-03,493473,583816,173346,61104,72155,69126
2024-05-04,493541,583871,173363,61109,72157,69041
2024-05-05,493540,583873,173367,61109,72158,69065
2024-05-06,493543,583872,173366,61109,72157,69086
2024-05-07,493614,583925,173380,61116,72172,69034
2024-05-08,493645,583968,173381,61111,72180,69018
2024-05-09,493680,584004,173404,61120,72177,68996
2024-05-10,493713,584035,173409,61118,72178,69000
2024-05-11,493775,584065,173496,61096,72204,68885
2024-05-12,493781,584072,173492,61097,72205,68910
2024-05-13,493781,584076,173500,61096,72205,68929
2024-05-14,493863,584128,173513,61109,72206,68864
2024-05-15,493890,584167,173527,61108,72208,68840
2024-05-16,493917,584192,173541,61110,72211,68820
2024-05-17,493945,584220,173548,61115,72219,68821
2024-05-18,493981,584262,173554,61119,72227,68800
2024-05-19,493982,584266,173556,61124,72222,68825
2024-05-20,493983,584266,173556,61124,72225,68841
2024-05-21,494048,584332,173577,61140,72224,68780
2024-05-22,494073,584367,173588,61144,72225,68770
2024-05-23,494120,584402,173596,61154,72224,68747
2024-05-24,494162,584434,173601,61158,72231,68725
2024-05-25,494165,584445,173609,61159,72228,68801
2024-05-26,494168,584448,173610,61161,72234,68809
2024-05-27,494177,584450,173612,61160,72231,68825
2024-05-28,494180,584458,173611,61162,72228,68845
2024-05-29,494296,584576,173648,61183,72249,68662
2024-05-30,494351,584615,173658,61191,72257,68632
2024-05-31,494393,584666,173680,61190,72263,68616
2024-06-01,494430,584718,173692,61198,72268,68594
2024-06-02,494429,584725,173698,61197,72266,68630
2024-06-03,494431,584728,173696,61199,72265,68647
2024-06-04,494522,584830,173731,61209,72269,68550
2024-06-05,494566,584881,173738,61216,72274,68533
2024-06-06,494615,584935,173746,61229,72283,68509
2024-06-07,494638,585018,173733,61254,72343,68437
2024-06-08,494681,585061,173750,61261,72342,68422
2024-06-09,494679,585061,173757,61264,72343,68460
2024-06-10,494689,585063,173756,61260,72343,68496
2024-06-11,494778,585154,173781,61277,72360,68427
