deathAfrAmer,deathWhite,deathHispanic,deathAsian
0,0,0,0
0,0,0,0
0,0,0,0
0,0,0,0
0,0,0,0
0,0,0,0
0,0,0,0
0,0,0,0
0,0,0,0
0,0,0,0
0,0,0,0
0,0,0,0
0,0,0,0
0,0,0,0
0,0,0,0
0,0,0,0
0,0,0,0
0,0,0,0
0,0,0,0
0,0,0,0
0,0,0,0
0,0,0,0
0,0,0,0
0,0,0,0
0,0,0,0
0,0,0,0
0,0,0,0
0,0,0,0
0,0,0,0
0,0,0,0
0,0,0,0
0,0,0,0
0,0,0,0
5,14,0,0
0,0,0,0
55,39,0,6
61,45,0,6
77,58,0,6
91,72,0,7
104,83,0,8
120,93,0,10
0,0,0,0
139,109,13,10
153,126,15,11
166,137,17,13
183,148,20,15
196,159,21,15
207,181,26,22
218,201,32,21
289,234,69,21
289,258,72,21
289,275,40,25
301,296,44,29
305,301,46,30
353,328,56,33
365,362,58,36
404,390,64,36
431,420,67,37
436,436,69,38
482,468,70,39
500,486,78,39
503,503,81,41
521,537,83,44
542,562,91,48
567,580,96,48
595,598,101,48
611,622,107,49
631,637,109,51
638,645,114,52
656,681,124,56
691,704,133,58
708,731,137,60
736,746,142,61
760,762,150,65
777,779,154,67
792,785,156,68
815,817,160,69
839,837,163,71
852,855,176,74
874,870,181,80
891,886,187,81
899,898,191,81
909,913,194,83
921,924,199,83
941,944,204,85
952,960,208,88
972,982,215,89
986,1003,222,92
995,1016,226,93
1007,1021,229,94
1019,1039,234,96
1043,1057,238,98
1061,1071,243,99
1077,1082,251,99
1092,1101,256,101
1100,1109,255,101
1104,1114,258,101
1115,1140,261,101
1123,1154,269,103
1133,1164,273,104
1140,1176,284,104
1148,1184,290,106
1154,1192,295,107
1157,1196,297,109
1162,1202,301,109
1176,1214,303,110
1183,1232,304,110
1188,1240,307,109
1195,1250,311,110
1196,1254,315,110
1199,1262,318,110
1204,1268,320,114
1215,1266,324,115
1224,1269,328,116
1229,1278,331,116
1233,1285,335,118
1238,1286,336,119
1241,1289,338,119
1242,1295,340,120
1246,1310,340,120
1246,1316,342,120
1251,1321,344,121
1258,1324,346,121
1258,1327,347,121
1263,1329,350,122
1266,1335,351,123
1270,1344,356,122
1276,1348,355,123
1286,1352,358,123
1289,1355,359,123
1295,1357,361,123
1298,1357,363,124
1301,1357,366,124
1305,1363,368,124
1308,1365,370,124
1310,1367,372,124
1318,1372,375,124
1322,1374,374,124
1327,1375,377,124
1332,1385,379,125
1336,1387,380,125
1340,1388,383,125
1342,1392,384,125
1349,1397,384,125
1354,1397,385,125
1357,1400,386,125
1361,1405,386,125
1365,1409,386,126
1371,1420,387,127
1375,1422,389,127
1380,1424,391,127
1385,1427,392,127
1385,1430,392,127
1389,1435,393,127
1397,1439,394,127
1401,1442,395,128
1406,1446,397,128
1412,1452,397,128
1415,1456,398,129
1417,1457,400,129
1423,1461,401,129
1426,1465,405,129
1430,1472,405,129
1433,1475,406,130
1437,1477,407,130
1440,1480,408,130
1439,1482,408,130
1441,1485,409,130
1443,1489,412,130
1447,1493,412,130
1452,1496,412,130
1453,1501,412,131
1455,1505,412,131
1459,1505,413,131
1462,1508,413,132
1464,1513,413,132
1468,1517,415,132
1471,1520,415,132
1479,1522,418,133
1486,1524,419,133
1486,1526,420,133
1486,1527,421,133
1488,1530,423,133
1491,1533,423,134
1490,1539,424,135
1495,1544,424,136
1497,1546,425,136
1501,1547,425,136
1501,1550,426,136
1502,1551,428,136
1507,1555,428,136
1509,1560,428,136
1511,1564,429,136
1513,1566,430,136
1514,1567,430,136
1515,1568,431,136
1520,1572,431,136
1523,1576,432,137
1528,1577,433,137
1532,1579,433,137
1534,1582,433,137
1534,1585,433,137
1537,1588,435,138
1542,1589,436,139
1543,1593,436,139
1547,1597,437,140
1548,1601,438,141
1552,1600,438,142
1555,1603,439,143
1555,1607,440,143
1558,1610,441,143
1559,1611,441,143
1558,1614,442,144
1559,1614,441,145
1560,1617,442,145
1560,1619,442,145
1563,1622,442,145
1568,1625,442,144
1572,1628,442,144
1574,1632,443,144
1574,1633,443,144
1580,1638,443,144
1582,1639,443,144
1583,1642,446,144
1585,1645,448,144
1587,1653,448,144
1587,1655,448,144
1589,1659,448,144
1591,1660,448,144
1591,1661,448,144
1590,1664,448,144
1593,1670,448,144
1596,1675,449,146
1597,1679,449,146
1602,1682,451,146
1606,1687,453,146
1607,1689,454,146
1608,1694,454,146
1616,1697,454,146
1617,1705,454,147
1618,1713,454,147
1619,1719,455,146
1621,1727,455,146
1622,1726,456,147
1623,1730,456,147
1622,1738,457,147
1626,1742,457,147
1631,1744,461,147
1635,1748,461,148
1638,1751,462,148
1641,1755,463,148
1642,1761,464,150
1647,1770,466,151
1658,1772,467,151
1661,1776,468,151
1665,1784,469,152
1673,1790,469,154
1677,1791,470,155
1684,1800,471,155
1687,1814,472,155
1690,1829,472,156
1692,1845,473,156
1697,1862,476,157
1702,1869,476,157
1705,1880,476,156
1710,1900,476,157
1715,1916,477,158
1725,1938,481,158
1733,1947,481,158
1741,1970,481,159
1744,1983,484,160
1750,1991,488,160
1760,2008,490,162
1772,2034,491,164
1781,2065,493,166
1802,2089,494,167
1806,2101,494,167
1815,2115,497,167
1828,2127,497,168
1833,2151,497,168
1847,2183,500,169
1859,2211,501,170
1870,2241,504,170
1879,2273,510,171
1887,2287,510,171
1892,2294,516,173
1906,2331,520,174
1916,2374,521,174
1931,2402,524,178
1947,2430,527,178
1963,2456,529,179
1976,2477,532,179
1987,2500,532,180
2002,2522,537,181
2020,2556,538,180
2035,2591,540,180
2048,2615,543,182
2056,2631,545,182
2062,2640,548,183
2071,2655,550,183
2084,2679,552,183
2094,2722,556,186
2108,2753,563,187
2119,2782,568,187
2129,2795,572,188
2135,2813,574,188
2143,2823,575,188
2149,2855,576,191
2164,2885,584,193
2177,2913,587,196
2203,2933,591,198
2208,2958,594,202
2220,2970,594,203
2224,2985,595,204
2235,3018,596,205
2242,3056,598,209
2253,3082,600,210
2262,3119,603,212
2268,3144,605,216
2276,3153,607,216
2294,3173,609,219
2304,3195,614,222
2317,3235,618,224
2326,3270,620,225
2336,3312,628,225
2342,3341,629,225
2354,3357,633,227
2359,3377,635,229
2370,3408,639,231
2383,3442,642,233
2397,3469,642,233
2413,3494,644,234
2420,3518,647,239
2426,3525,649,240
2431,3534,653,245
2434,3546,654,245
2447,3576,657,246
2452,3591,664,247
2463,3615,665,248
2472,3641,667,248
2481,3653,671,248
2489,3660,674,248
2497,3679,678,249
2510,3703,679,249
2525,3720,681,250
2538,3737,683,250
2544,3749,681,252
2547,3754,682,253
2563,3776,684,257
2564,3789,684,257
2567,3799,685,257
2590,3824,688,262
2590,3827,689,262
2591,3838,689,262
2591,3842,691,262
2593,3847,692,262
2599,3863,693,262
2605,3883,696,263
2639,3911,699,265
2641,3922,701,265
2643,3933,704,265
2646,3938,705,266
2646,3939,705,266
2649,3954,708,266
2658,3964,709,266
2661,3970,710,267
2663,3979,711,270
2666,3981,711,270
2671,3983,712,270
2671,3984,713,270
2680,3996,715,271
2684,4014,717,273
2690,4024,719,273
2693,4031,721,273
2696,4039,721,275
2696,4040,721,277
2696,4040,722,277
2702,4051,722,277
2708,4060,724,277
2719,4072,724,278
2736,4090,726,278
2741,4102,727,279
2745,4103,727,280
2745,4104,727,280
2761,4114,727,280
2764,4123,727,280
2768,4128,728,280
2777,4134,729,281
2786,4138,729,281
2788,4139,730,281
2788,4140,731,281
2792,4145,731,281
2799,4148,734,281
2806,4154,737,284
2813,4161,737,285
2817,4171,739,287
2818,4176,740,287
2819,4177,740,287
2825,4183,741,288
2833,4192,741,289
2842,4202,743,289
2853,4211,746,289
2863,4218,747,289
2863,4221,748,291
2864,4224,748,291
2872,4231,749,291
2885,4240,749,291
2893,4244,750,291
2901,4251,752,292
2907,4264,754,293
2907,4267,756,294
2908,4268,756,294
2916,4280,757,294
2930,4288,759,295
2935,4298,760,295
2945,4304,763,295
2956,4310,764,295
2957,4311,767,296
2957,4313,768,296
2965,4316,769,296
2977,4323,773,297
2990,4326,775,297
2999,4332,776,297
3010,4337,776,297
3015,4340,776,297
3017,4348,778,297
3019,4355,781,297
3030,4360,781,297
3044,4366,781,298
3052,4373,785,298
3063,4378,786,298
3065,4378,786,298
3065,4379,786,298
3068,4383,786,299
3080,4389,786,299
3087,4394,786,299
3096,4396,787,299
3102,4405,788,299
3106,4407,788,299
3106,4408,788,300
3116,4415,788,300
3125,4419,788,300
3126,4423,788,300
3135,4427,790,301
3146,4437,790,301
3150,4442,790,303
3157,4444,791,303
3161,4452,791,305
3167,4459,791,305
3367,4730,822,320
3372,4734,822,320
3373,4738,822,320
3377,4740,822,320
3377,4742,822,320
3377,4742,822,320
3379,4745,822,320
3386,4750,822,320
3390,4750,826,320
3394,4750,828,320
3397,4750,829,320
3397,4754,829,320
3401,4757,830,320
3402,4762,830,321
3408,4764,831,322
3410,4767,831,322
3413,4768,832,322
3414,4769,832,322
3414,4769,832,322
3419,4772,832,322
3426,4774,832,322
3429,4776,833,322
3429,4779,833,322
3431,4781,833,324
3431,4782,833,324
3431,4782,833,324
3434,4786,833,324
3437,4790,833,324
3440,4793,834,324
3440,4795,835,324
3443,4797,835,324
3444,4797,835,325
3444,4798,835,325
3444,4798,835,325
3446,4799,836,325
3448,4802,836,325
3449,4802,836,325
3449,4804,837,325
3449,4805,837,325
3449,4806,837,325
3449,4806,837,326
3452,4809,837,326
3453,4810,838,326
3454,4811,838,326
3455,4811,838,326
3455,4811,838,326
3455,4811,838,326
3457,4813,838,326
3459,4815,838,326
3462,4815,838,326
3463,4817,838,326
3463,4819,838,327
3463,4819,838,328
3463,4819,838,328
3465,4820,838,328
3471,4820,838,328
3474,4821,838,329
3477,4821,838,329
3480,4822,838,329
3480,4823,838,329
3480,4824,838,329
3482,4826,838,329
3482,4826,838,329
3482,4826,838,329
3484,4826,838,329
3486,4829,838,329
3488,4830,838,329
3488,4830,838,329
3490,4833,838,329
3491,4835,839,329
3492,4840,839,329
3494,4843,840,329
3495,4845,840,329
3495,4846,841,329
3495,4846,841,329
3497,4852,841,329
3497,4855,842,329
3500,4856,842,329
3502,4857,842,329
3505,4862,842,329
3505,4863,842,329
3506,4864,842,329
3508,4868,842,329
3509,4871,843,329
3510,4877,844,329
3512,4880,845,329
3516,4888,846,330
3517,4888,846,330
3518,4889,846,330
3521,4894,846,331
3525,4896,846,331
3529,4897,846,331
3532,4902,846,331
3536,4905,846,331
3536,4907,846,331
3536,4907,846,331
3540,4912,847,331
3549,4922,847,332
3553,4932,847,333
3556,4937,848,333
3561,4945,848,333
3561,4947,848,333
3561,4952,848,333
3563,4955,848,333
3569,4966,849,335
3578,4982,850,335
3582,4990,850,335
3583,4998,851,335
3584,5005,851,335
3584,5008,852,335
3593,5019,853,335
3599,5033,853,335
3601,5044,855,335
3612,5057,855,337
3616,5066,857,338
3616,5066,857,338
3616,5066,857,338
3620,5089,856,339
3629,5104,857,339
3642,5119,856,339
3645,5131,856,339
3647,5137,856,339
3648,5139,856,340
3649,5145,856,340
3658,5160,856,340
3659,5170,858,340
3669,5181,860,340
3674,5184,861,340
3678,5191,862,340
3680,5192,862,340
3683,5193,862,340
3687,5211,862,340
3697,5224,863,340
3702,5239,863,340
3706,5252,863,340
3710,5265,863,340
3711,5269,863,340
3712,5271,863,340
3717,5279,863,340
3723,5298,866,340
3731,5319,866,340
3738,5338,868,340
3741,5352,868,341
3745,5357,868,341
3745,5357,868,341
3747,5369,868,341
3753,5385,869,342
3759,5397,870,343
3761,5408,870,343
3766,5412,871,346
3767,5416,872,346
3770,5416,872,346
3776,5431,873,346
3780,5444,874,346
3786,5459,876,346
3788,5468,875,347
3791,5474,877,347
3792,5477,877,348
3792,5477,877,348
3796,5496,879,348
3797,5510,880,348
3802,5517,880,349
3809,5524,880,349
3817,5537,882,349
3817,5538,883,349
3817,5538,883,349
3821,5549,883,349
3825,5562,883,349
3829,5575,884,349
3831,5577,885,350
3832,5582,886,350
3832,5585,887,350
3832,5587,887,350
3838,5599,887,352
3845,5610,888,352
3845,5620,889,352
3854,5627,889,352
3862,5630,889,352
3862,5632,890,352
3862,5635,890,352
3865,5642,892,352
3871,5652,893,352
3873,5659,894,352
3873,5660,894,352
3874,5665,894,352
3875,5669,894,352
3876,5670,894,352
3881,5683,894,353
3885,5695,895,353
3886,5700,895,355
3888,5709,896,355
3893,5715,896,355
0,0,0,0
0,0,0,0
0,0,0,0
0,0,0,0
0,0,0,0
0,0,0,0
0,0,0,0
0,0,0,0
0,0,0,0
0,0,0,0
0,0,0,0
0,0,0,0
0,0,0,0
0,0,0,0
0,0,0,0
0,0,0,0
0,0,0,0
0,0,0,0
0,0,0,0
0,0,0,0
0,0,0,0
0,0,0,0
0,0,0,0
3947,5938,905,359
3967,5988,906,360
3982,6017,907,364
3990,6043,907,366
3993,6059,908,366
3994,6064,909,366
3994,6066,909,367
4005,6107,909,368
4013,6137,912,369
4025,6162,914,370
4048,6199,917,370
4062,6222,919,371
4070,6236,920,374
4072,6247,921,376
4085,6305,921,378
4115,6355,929,383
4139,6395,931,384
4154,6427,936,387
4179,6470,939,390
4189,6497,940,391
4190,6513,942,394
4204,6554,943,395
4221,6614,944,397
4249,6657,946,397
4274,6700,950,400
4301,6746,953,403
4308,6757,954,404
4309,6768,956,404
4341,6832,960,405
4367,6888,961,406
4399,6916,962,407
4430,6951,965,409
4460,6992,966,411
4465,7000,968,413
4465,7011,968,413
4482,7051,970,415
4498,7093,972,418
4518,7117,975,420
4529,7141,977,421
4541,7171,979,421
4549,7180,980,421
4550,7182,980,421
4565,7223,981,422
4586,7256,985,424
4603,7285,987,425
4617,7302,988,425
4630,7319,990,427
4636,7326,990,427
4638,7330,991,428
4647,7338,994,428
4660,7357,995,428
4669,7375,996,428
4681,7382,997,429
4692,7393,997,430
4693,7397,998,431
4694,7401,998,431
4701,7414,999,432
4707,7426,1000,433
4716,7444,1001,433
4722,7459,1001,433
4727,7467,1001,434
4728,7469,1001,435
4730,7475,1001,435
4736,7485,1001,436
4744,7493,1002,436
4752,7502,1003,436
4755,7515,1003,437
4758,7519,1004,437
4760,7519,1004,438
4760,7521,1004,438
4768,7530,1004,439
4776,7539,1004,439
4780,7544,1005,439
4783,7555,1005,440
4787,7562,1007,441
4790,7564,1007,441
4790,7566,1007,441
4794,7571,1008,442
4797,7578,1009,442
4800,7582,1009,442
4802,7587,1010,443
4805,7592,1010,443
4807,7593,1010,443
4808,7596,1010,443
4809,7604,1010,443
4811,7613,1011,443
4812,7615,1011,443
4812,7617,1011,443
4813,7621,1011,445
4813,7623,1011,445
4813,7624,1011,445
4812,7631,1011,445
4818,7636,1011,445
4821,7638,1012,445
4823,7640,1012,445
4825,7645,1012,445
4826,7646,1012,445
4827,7647,1012,445
4828,7647,1012,445
4830,7648,1012,445
4830,7648,1014,445
4832,7650,1014,445
0,0,0,0
0,0,0,0
4834,7653,1014,445
4836,7655,1015,445
4837,7660,1015,445
4841,7664,1016,445
4843,7666,1016,445
4844,7667,1016,445
0,0,0,0
0,0,0,0
4845,7670,1016,446
4848,7675,1016,446
4848,7678,1016,447
4848,7681,1016,447
4849,7685,1016,447
0,0,0,0
0,0,0,0
4852,7686,1016,447
4853,7691,1017,448
4853,7698,1017,448
4853,7702,1017,448
4856,7705,1017,448
0,0,0,0
0,0,0,0
4861,7709,1017,448
4863,7714,1017,448
4864,7721,1017,448
4866,7725,1017,448
4867,7728,1017,448
0,0,0,0
0,0,0,0
4870,7734,1017,448
4870,7742,1017,448
4874,7745,1017,448
4876,7746,1018,448
4876,7748,1018,448
0,0,0,0
0,0,0,0
4882,7755,1019,448
4883,7757,1019,448
4884,7758,1019,449
4887,7760,1019,450
4888,7761,1019,450
0,0,0,0
0,0,0,0
4888,7772,1019,451
4891,7781,1019,451
4892,7787,1019,451
4893,7789,1019,452
4893,7793,1019,452
0,0,0,0
0,0,0,0
0,0,0,0
4897,7801,1019,451
4901,7804,1019,452
4904,7810,1019,451
4904,7811,1019,451
0,0,0,0
0,0,0,0
4907,7824,1020,451
4911,7829,1020,451
4912,7834,1020,451
4914,7839,1020,451
4917,7843,1020,451
0,0,0,0
0,0,0,0
4919,7854,1020,451
4923,7861,1020,451
4929,7864,1021,451
4935,7868,1020,452
4938,7876,1020,452
0,0,0,0
0,0,0,0
0,0,0,0
4940,7888,1021,452
4942,7896,1021,452
4943,7897,1022,452
4946,7901,1022,452
0,0,0,0
0,0,0,0
4949,7906,1023,454
4951,7914,1023,454
4953,7917,1024,454
4953,7922,1025,454
4954,7928,1026,454
0,0,0,0
0,0,0,0
0,0,0,0
4957,7943,1028,454
4957,7945,1028,454
4959,7949,1028,454
4960,7953,1028,454
0,0,0,0
0,0,0,0
4962,7962,1028,454
4963,7968,1028,456
4965,7971,1028,456
4965,7975,1028,456
4966,7982,1030,456
0,0,0,0
0,0,0,0
4967,7990,1030,456
4969,7992,1030,456
4971,8001,1030,456
4974,8002,1030,456
4977,8006,1030,457
0,0,0,0
0,0,0,0
4980,8018,1030,457
4984,8032,1031,457
4987,8043,1031,457
4989,8047,1031,457
4995,8052,1031,457
0,0,0,0
0,0,0,0
4999,8061,1031,457
5000,8064,1031,458
5001,8066,1031,458
5004,8070,1031,458
5005,8075,1031,458
0,0,0,0
0,0,0,0
5007,8080,1032,458
5010,8089,1032,458
5010,8100,1032,459
5013,8108,1032,459
5016,8108,1032,459
0,0,0,0
0,0,0,0
5017,8125,1032,460
5021,8131,1034,461
5024,8136,1034,461
5024,8139,1034,461
5025,8144,1034,461
0,0,0,0
0,0,0,0
5027,8153,1034,462
5030,8160,1034,462
5030,8168,1034,462
5031,8173,1036,462
5032,8177,1036,463
0,0,0,0
0,0,0,0
5036,8188,1037,463
5039,8195,1038,463
5040,8199,1040,464
5043,8206,1041,465
5044,8209,1041,465
0,0,0,0
0,0,0,0
0,0,0,0
5048,8223,1041,465
5049,8227,1041,465
5051,8235,1042,466
5051,8242,1043,466
0,0,0,0
0,0,0,0
5054,8249,1045,467
5056,8254,1046,467
5060,8258,1046,467
5065,8261,1046,467
5066,8269,1046,469
0,0,0,0
0,0,0,0
5066,8285,1048,469
5068,8294,1048,469
5072,8297,1049,469
5074,8302,1049,469
5075,8307,1049,469
0,0,0,0
0,0,0,0
5079,8318,1049,470
5081,8323,1050,471
5082,8330,1050,471
5086,8334,1050,471
5089,8338,1049,471
0,0,0,0
0,0,0,0
5091,8343,1051,471
5094,8347,1051,471
5095,8351,1051,471
5095,8354,1051,472
5096,8358,1051,472
0,0,0,0
0,0,0,0
0,0,0,0
5099,8371,1052,473
5100,8382,1052,474
5103,8383,1053,474
5104,8388,1053,474
0,0,0,0
0,0,0,0
5105,8396,1053,477
5105,8403,1053,477
5107,8404,1053,477
5109,8407,1053,477
5110,8410,1053,477
0,0,0,0
0,0,0,0
5112,8415,1053,477
5114,8426,1053,477
5116,8430,1053,478
5118,8437,1054,478
5120,8443,1054,478
0,0,0,0
0,0,0,0
5124,8451,1054,479
5129,8460,1054,479
5130,8462,1054,479
5131,8465,1054,480
5131,8469,1054,481
0,0,0,0
0,0,0,0
5132,8475,1054,481
0,0,0,0
5134,8484,1054,482
5136,8490,1054,482
0,0,0,0
0,0,0,0
0,0,0,0
5140,8502,1054,482
5143,8509,1054,483
5145,8513,1054,483
5149,8515,1055,483
5149,8523,1055,483
0,0,0,0
0,0,0,0
5151,8533,1055,483
5155,8537,1055,484
5157,8544,1055,484
0,0,0,0
0,0,0,0
0,0,0,0
0,0,0,0
5158,8556,1056,484
5159,8567,1056,486
5160,8571,1056,486
5160,8577,1056,486
5162,8585,1056,487
0,0,0,0
0,0,0,0
5167,8593,1056,487
5167,8605,1056,487
5168,8611,1056,487
5171,8615,1056,487
5174,8620,1057,487
0,0,0,0
0,0,0,0
5179,8630,1058,487
5180,8637,1058,487
5182,8644,1058,487
5184,8650,1058,487
5184,8652,1058,487
0,0,0,0
0,0,0,0
5185,8668,1058,487
5189,8676,1058,487
5192,8683,1058,487
5195,8687,1058,487
0,0,0,0
0,0,0,0
0,0,0,0
0,0,0,0
5204,8706,1058,487
5205,8717,1059,487
5208,8727,1059,487
5210,8734,1059,487
0,0,0,0
0,0,0,0
0,0,0,0
5217,8760,1060,488
5218,8770,1062,489
5221,8782,1062,489
5223,8787,1062,491
0,0,0,0
0,0,0,0
5227,8807,1063,492
5230,8819,1063,492
5233,8826,1064,492
5236,8831,1064,492
5237,8842,1064,493
0,0,0,0
0,0,0,0
0,0,0,0
5242,8868,1064,495
5246,8877,1064,496
5249,8885,1064,496
5250,8892,1065,498
0,0,0,0
0,0,0,0
5258,8914,1065,498
5260,8918,1066,498
5262,8923,1066,498
5263,8926,1066,499
5265,8932,1066,499
0,0,0,0
0,0,0,0
5269,8944,1066,499
5273,8951,1066,501
5277,8958,1066,501
5279,8966,1066,501
5282,8978,1066,501
0,0,0,0
0,0,0,0
5286,8988,1066,503
5293,8994,1067,503
5297,9001,1067,503
5298,9008,1067,503
5300,9010,1067,503
0,0,0,0
0,0,0,0
5306,9020,1068,504
5307,9029,1068,506
5307,9040,1068,506
5310,9047,1068,506
5315,9049,1068,506
0,0,0,0
0,0,0,0
0,0,0,0
5321,9063,1068,506
5323,9070,1068,506
5324,9074,1069,506
5325,9076,1069,506
0,0,0,0
0,0,0,0
5328,9090,1070,507
5331,9100,1070,508
5333,9109,1071,508
5335,9113,1071,508
5338,9117,1071,508
0,0,0,0
0,0,0,0
5343,9129,1071,508
5345,9135,1071,508
5345,9139,1071,508
5348,9141,1071,508
5352,9147,1071,508
0,0,0,0
0,0,0,0
5354,9154,1073,510
5355,9154,1073,509
5356,9158,1073,509
5358,9162,1073,509
5360,9165,1073,509
0,0,0,0
0,0,0,0
5364,9170,1073,509
5368,9175,1074,509
5370,9179,1074,510
5371,9181,1074,511
5371,9182,1074,511
0,0,0,0
0,0,0,0
5374,9187,1074,511
5375,9193,1074,511
5376,9197,1074,511
5377,9199,1075,511
5377,9204,1075,511
0,0,0,0
0,0,0,0
5380,9209,1075,511
5380,9210,1075,511
5381,9214,1075,511
5381,9217,1075,511
5382,9221,1075,511
0,0,0,0
0,0,0,0
5383,9227,1075,512
5383,9231,1075,512
5384,9232,1076,513
5384,9236,1076,513
5385,9239,1076,513
0,0,0,0
0,0,0,0
5387,9242,1076,514
5389,9245,1076,515
5389,9246,1076,515
5388,9248,1076,515
5389,9251,1076,515
0,0,0,0
0,0,0,0
5389,9252,1076,516
5391,9253,1076,516
5391,9256,1076,516
5391,9258,1076,516
5392,9260,1076,516
0,0,0,0
0,0,0,0
5393,9266,1077,516
5393,9267,1077,516
5393,9269,1077,516
5393,9271,1077,516
5394,9274,1077,516
0,0,0,0
0,0,0,0
5397,9275,1077,516
5397,9277,1077,516
5398,9277,1077,516
5398,9278,1077,516
5399,9279,1077,516
0,0,0,0
0,0,0,0
5399,9281,1077,516
5399,9282,1077,516
5399,9284,1078,516
5399,9286,1077,516
5399,9289,1077,517
0,0,0,0
0,0,0,0
5400,9289,1077,517
5400,9290,1077,517
5400,9292,1077,517
5400,9293,1077,517
5401,9295,1077,518
0,0,0,0
0,0,0,0
0,0,0,0
5402,9298,1077,518
5402,9298,1077,518
5402,9299,1077,518
5402,9300,1077,518
0,0,0,0
0,0,0,0
5401,9303,1077,518
5402,9304,1077,518
5403,9305,1077,518
5404,9306,1077,518
5405,9306,1078,519
0,0,0,0
0,0,0,0
5405,9309,1078,519
5405,9312,1078,519
5407,9312,1078,519
5407,9313,1078,519
5408,9316,1078,519
0,0,0,0
0,0,0,0
0,0,0,0
5409,9321,1078,520
5409,9322,1078,521
5409,9322,1078,522
5410,9321,1078,522
0,0,0,0
0,0,0,0
5410,9323,1079,522
5410,9324,1079,522
5412,9324,1079,522
5412,9324,1079,522
5412,9326,1079,522
0,0,0,0
0,0,0,0
5413,9327,1079,522
0,0,0,0
5413,9328,1079,522
5413,9328,1079,522
5414,9329,1079,522
0,0,0,0
0,0,0,0
5416,9334,1079,522
5417,9334,1079,522
5417,9336,1079,522
5417,9336,1079,522
5417,9336,1079,522
0,0,0,0
0,0,0,0
5419,9338,1079,522
5419,9339,1080,522
5419,9340,1080,522
5419,9340,1080,522
5419,9341,1080,523
0,0,0,0
0,0,0,0
5419,9342,1080,523
5419,9343,1080,523
5421,9344,1080,523
5421,9346,1080,523
5421,9348,1080,523
0,0,0,0
0,0,0,0
5422,9350,1080,523
5422,9351,1080,523
5422,9351,1080,523
5423,9351,1080,523
5423,9351,1080,523
0,0,0,0
0,0,0,0
5423,9354,1080,524
5423,9356,1080,524
5424,9358,1080,525
5425,9360,1080,525
5425,9362,1080,525
0,0,0,0
0,0,0,0
5426,9363,1080,525
5428,9366,1080,525
5429,9369,1080,526
5429,9370,1080,526
5429,9371,1080,527
0,0,0,0
0,0,0,0
5431,9378,1080,527
5432,9386,1081,527
5432,9387,1081,527
5433,9389,1081,527
5434,9391,1082,527
0,0,0,0
0,0,0,0
5435,9393,1082,527
5435,9395,1082,527
5435,9396,1082,527
5436,9398,1082,527
5436,9399,1082,527
0,0,0,0
0,0,0,0
0,0,0,0
5437,9402,1082,527
5440,9405,1082,527
5440,9405,1082,527
5442,9409,1082,527
0,0,0,0
0,0,0,0
5443,9412,1082,527
5443,9416,1082,527
5443,9422,1082,527
5444,9424,1082,527
5444,9429,1082,527
0,0,0,0
0,0,0,0
5448,9433,1082,527
5448,9439,1082,527
5449,9442,1082,527
5451,9445,1082,527
5452,9446,1082,527
0,0,0,0
0,0,0,0
5452,9451,1082,527
5454,9454,1082,527
5454,9456,1082,527
5457,9457,1082,527
5458,9458,1082,527
0,0,0,0
0,0,0,0
5459,9463,1082,527
5459,9468,1082,527
5462,9471,1082,527
5464,9471,1082,527
5465,9475,1082,527
0,0,0,0
0,0,0,0
0,0,0,0
5467,9482,1082,527
5469,9484,1082,527
5470,9487,1082,528
5471,9492,1082,528
0,0,0,0
0,0,0,0
5471,9500,1082,528
5472,9506,1082,528
5474,9509,1082,528
5474,9510,1082,528
5476,9512,1084,528
0,0,0,0
0,0,0,0
5476,9517,1084,528
5476,9519,1084,528
5477,9522,1085,528
5478,9526,1085,528
5480,9531,1085,528
0,0,0,0
0,0,0,0
5480,9534,1085,529
5480,9537,1085,529
5480,9542,1085,530
5481,9545,1085,530
5481,9546,1085,530
0,0,0,0
0,0,0,0
5483,9556,1086,530
5483,9559,1086,530
5484,9563,1086,530
5485,9570,1086,530
0,0,0,0
0,0,0,0
0,0,0,0
5488,9578,1087,530
5489,9587,1087,530
5492,9591,1087,530
5494,9596,1087,530
5494,9600,1087,530
0,0,0,0
0,0,0,0
5495,9611,1087,530
5498,9616,1087,530
5499,9621,1088,530
0,0,0,0
0,0,0,0
0,0,0,0
0,0,0,0
5500,9632,1090,530
5502,9640,1091,530
5502,9647,1092,531
5505,9654,1091,531
5508,9660,1091,531
0,0,0,0
0,0,0,0
5515,9665,1091,531
5516,9670,1091,531
5518,9674,1091,531
5520,9675,1091,531
5521,9680,1091,531
0,0,0,0
0,0,0,0
5523,9689,1091,531
5524,9696,1091,532
5527,9704,1091,533
5527,9708,1091,535
5531,9710,1091,535
0,0,0,0
0,0,0,0
5534,9718,1091,536
5535,9725,1091,536
5535,9729,1092,536
5537,9737,1092,536
5537,9744,1092,536
0,0,0,0
0,0,0,0
0,0,0,0
5538,9752,1092,536
5538,9757,1092,536
5538,9765,1092,536
5539,9768,1093,536
0,0,0,0
0,0,0,0
0,0,0,0
5543,9778,1094,536
5543,9794,1095,536
5547,9796,1095,536
5550,9806,1095,536
0,0,0,0
0,0,0,0
5554,9820,1096,538
5556,9826,1096,538
5558,9831,1096,538
5560,9838,1096,539
5561,9850,1097,540
0,0,0,0
0,0,0,0
0,0,0,0
5567,9864,1097,540
5567,9867,1098,540
5569,9871,1098,540
5571,9877,1098,542
0,0,0,0
0,0,0,0
5575,9885,1098,542
5576,9888,1099,542
5580,9890,1099,542
5584,9897,1099,542
5587,9903,1100,542
0,0,0,0
0,0,0,0
5589,9916,1101,543
5590,9925,1101,543
5591,9931,1102,543
5612,9948,1104,543
5612,9952,1104,543
0,0,0,0
0,0,0,0
5614,9961,1104,543
5616,9967,1104,543
5619,9973,1104,543
5622,9979,1104,543
5622,9983,1104,543
0,0,0,0
0,0,0,0
5625,9989,1104,543
5626,9993,1104,543
5628,9997,1105,543
5629,9999,1105,543
5631,10000,1105,543
0,0,0,0
0,0,0,0
0,0,0,0
5633,10006,1107,543
5636,10008,1107,543
5637,10011,1107,543
5637,10012,1107,543
0,0,0,0
0,0,0,0
5639,10025,1107,543
5639,10029,1107,543
5639,10032,1107,546
5640,10036,1107,546
5640,10040,1107,547
0,0,0,0
0,0,0,0
5641,10045,1108,546
5642,10047,1108,546
5644,10055,1108,546
5644,10057,1108,546
5646,10060,1108,547
0,0,0,0
0,0,0,0
5647,10064,1108,547
5648,10068,1108,547
5649,10072,1108,547
5649,10073,1108,548
5650,10077,1108,548
0,0,0,0
0,0,0,0
5649,10080,1108,548
5649,10080,1108,548
5651,10084,1109,548
5652,10085,1110,548
5652,10086,1110,548
0,0,0,0
0,0,0,0
5654,10092,1110,548
5653,10095,1110,548
5654,10098,1110,548
5656,10099,1110,548
5656,10100,1110,548
0,0,0,0
0,0,0,0
5657,10103,1110,549
5658,10104,1110,549
5658,10106,1110,549
5660,10111,1110,549
5662,10112,1110,549
0,0,0,0
0,0,0,0
5664,10114,1110,549
5664,10116,1110,549
5666,10118,1110,550
5666,10123,1110,550
5666,10123,1110,550
0,0,0,0
0,0,0,0
5667,10126,1110,550
5667,10125,1110,550
5669,10126,1110,550
5669,10127,1111,550
5671,10130,1111,550
0,0,0,0
0,0,0,0
5672,10133,1111,550
5672,10133,1111,550
5672,10136,1112,550
5674,10139,1112,550
5674,10139,1112,550
0,0,0,0
0,0,0,0
5674,10139,1112,551
5674,10140,1113,551
5674,10141,1113,551
5676,10144,1113,551
5676,10147,1113,551
0,0,0,0
0,0,0,0
5678,10147,1113,551
5678,10147,1113,551
5679,10149,1113,551
5679,10149,1113,551
5681,10150,1113,551
0,0,0,0
0,0,0,0
5682,10151,1113,551
5682,10153,1113,551
5682,10154,1113,551
5682,10155,1113,551
5684,10157,1113,551
0,0,0,0
0,0,0,0
5684,10159,1113,551
5684,10159,1113,551
5684,10160,1113,551
5685,10162,1113,551
5685,10163,1113,551
0,0,0,0
0,0,0,0
0,0,0,0
5685,10168,1113,551
5686,10170,1113,551
5686,10171,1113,551
5688,10172,1113,551
0,0,0,0
0,0,0,0
5689,10175,1113,551
5690,10175,1113,552
5691,10177,1113,552
5691,10178,1113,552
5692,10179,1113,552
0,0,0,0
0,0,0,0
5692,10179,1113,552
