ReportDate,year,deathGenMale,deathGenFemale,deathGenUnkn
2020-03-04,2020,0.0,0.0,0
2020-03-05,2020,0.0,0.0,0
2020-03-06,2020,0.0,0.0,0
2020-03-07,2020,0.0,0.0,0
2020-03-08,2020,0.0,0.0,0
2020-03-09,2020,0.0,0.0,0
2020-03-10,2020,0.0,0.0,0
2020-03-11,2020,0.0,0.0,0
2020-03-12,2020,0.0,0.0,0
2020-03-13,2020,0.0,0.0,0
2020-03-14,2020,0.0,0.0,0
2020-03-15,2020,0.0,0.0,0
2020-03-16,2020,0.0,0.0,0
2020-03-17,2020,0.0,0.0,0
2020-03-18,2020,0.0,0.0,0
2020-03-19,2020,0.0,0.0,0
2020-03-20,2020,0.0,0.0,0
2020-03-21,2020,0.0,0.0,0
2020-03-22,2020,0.0,0.0,0
2020-03-23,2020,0.0,0.0,0
2020-03-24,2020,0.0,0.0,0
2020-03-25,2020,0.0,0.0,0
2020-03-26,2020,0.0,0.0,0
2020-03-27,2020,0.0,0.0,0
2020-03-28,2020,0.0,0.0,0
2020-03-29,2020,0.0,0.0,0
2020-03-30,2020,0.0,0.0,0
2020-03-31,2020,0.0,0.0,0
2020-04-01,2020,0.0,0.0,0
2020-04-02,2020,0.0,0.0,0
2020-04-03,2020,0.0,0.0,0
2020-04-04,2020,0.0,0.0,0
2020-04-05,2020,0.0,0.0,0
2020-04-06,2020,0.0,0.0,0
2020-04-07,2020,0.0,0.0,0
2020-04-08,2020,78.0,46.0,0
2020-04-09,2020,85.0,53.0,0
2020-04-10,2020,102.0,69.0,0
2020-04-11,2020,121.0,85.0,0
2020-04-12,2020,136.0,99.0,0
2020-04-13,2020,145.0,117.0,0
2020-04-14,2020,165.0,137.0,0
2020-04-15,2020,185.0,164.0,0
2020-04-16,2020,205.0,187.0,0
2020-04-17,2020,227.0,198.0,0
2020-04-18,2020,244.0,218.0,1
2020-04-19,2020,261.0,224.0,1
2020-04-20,2020,274.0,242.0,0
2020-04-21,2020,314.0,270.0,0
2020-04-22,2020,339.0,292.0,0
2020-04-23,2020,360.0,320.0,0
2020-04-24,2020,373.0,350.0,0
2020-04-25,2020,412.0,385.0,0
2020-04-26,2020,427.0,400.0,0
2020-04-27,2020,446.0,412.0,0
2020-04-28,2020,480.0,449.0,0
2020-04-29,2020,502.0,483.0,0
2020-04-30,2020,538.0,509.0,0
2020-05-01,2020,567.0,531.0,0
2020-05-02,2020,602.0,554.0,0
2020-05-03,2020,616.0,566.0,0
2020-05-04,2020,635.0,581.0,0
2020-05-05,2020,671.0,619.0,0
2020-05-06,2020,690.0,648.0,0
2020-05-07,2020,722.0,679.0,0
2020-05-08,2020,747.0,706.0,0
2020-05-09,2020,771.0,739.0,0
2020-05-10,2020,790.0,748.0,0
2020-05-11,2020,806.0,767.0,0
2020-05-12,2020,838.0,805.0,0
2020-05-13,2020,856.0,838.0,0
2020-05-14,2020,877.0,871.0,0
2020-05-15,2020,902.0,890.0,0
2020-05-16,2020,927.0,915.0,0
2020-05-17,2020,945.0,931.0,0
2020-05-18,2020,963.0,940.0,0
2020-05-19,2020,996.0,967.0,0
2020-05-20,2020,1017.0,987.0,0
2020-05-21,2020,1037.0,1008.0,0
2020-05-22,2020,1054.0,1038.0,0
2020-05-23,2020,1074.0,1056.0,0
2020-05-24,2020,1094.0,1068.0,0
2020-05-25,2020,1110.0,1077.0,0
2020-05-26,2020,1126.0,1091.0,0
2020-05-27,2020,1149.0,1121.0,0
2020-05-28,2020,1170.0,1137.0,0
2020-05-29,2020,1192.0,1156.0,0
2020-05-30,2020,1214.0,1176.0,0
2020-05-31,2020,1227.0,1184.0,0
2020-06-01,2020,1238.0,1193.0,0
2020-06-02,2020,1255.0,1219.0,0
2020-06-03,2020,1278.0,1241.0,0
2020-06-04,2020,1293.0,1253.0,0
2020-06-05,2020,1314.0,1266.0,0
2020-06-06,2020,1332.0,1284.0,0
2020-06-07,2020,1337.0,1288.0,0
2020-06-08,2020,1353.0,1300.0,0
2020-06-09,2020,1374.0,1312.0,0
2020-06-10,2020,1390.0,1329.0,0
2020-06-11,2020,1408.0,1342.0,0
2020-06-12,2020,1413.0,1360.0,0
2020-06-13,2020,1429.0,1370.0,0
2020-06-14,2020,1436.0,1375.0,0
2020-06-15,2020,1436.0,1381.0,0
2020-06-16,2020,1458.0,1393.0,0
2020-06-17,2020,1468.0,1398.0,0
2020-06-18,2020,1479.0,1407.0,0
2020-06-19,2020,1486.0,1415.0,0
2020-06-20,2020,1497.0,1426.0,0
2020-06-21,2020,1504.0,1433.0,0
2020-06-22,2020,1508.0,1437.0,0
2020-06-23,2020,1517.0,1446.0,0
2020-06-24,2020,1525.0,1453.0,0
2020-06-25,2020,1537.0,1464.0,0
2020-06-26,2020,1542.0,1473.0,0
2020-06-27,2020,1547.0,1483.0,0
2020-06-28,2020,1554.0,1488.0,0
2020-06-29,2020,1558.0,1490.0,0
2020-06-30,2020,1567.0,1495.0,0
2020-07-01,2020,1575.0,1502.0,0
2020-07-02,2020,1581.0,1505.0,0
2020-07-03,2020,1581.0,1518.0,0
2020-07-04,2020,1586.0,1525.0,0
2020-07-05,2020,1587.0,1531.0,0
2020-07-06,2020,1588.0,1533.0,0
2020-07-07,2020,1593.0,1547.0,0
2020-07-08,2020,1597.0,1552.0,0
2020-07-09,2020,1603.0,1557.0,0
2020-07-10,2020,1609.0,1563.0,0
2020-07-11,2020,1613.0,1566.0,0
2020-07-12,2020,1619.0,1569.0,0
2020-07-13,2020,1622.0,1572.0,0
2020-07-14,2020,1627.0,1575.0,0
2020-07-15,2020,1632.0,1577.0,0
2020-07-16,2020,1634.0,1581.0,0
2020-07-17,2020,1639.0,1588.0,0
2020-07-18,2020,1643.0,1595.0,0
2020-07-19,2020,1649.0,1598.0,0
2020-07-20,2020,1651.0,1601.0,0
2020-07-21,2020,1660.0,1612.0,0
2020-07-22,2020,1664.0,1612.0,0
2020-07-23,2020,1666.0,1615.0,0
2020-07-24,2020,1671.0,1622.0,0
2020-07-25,2020,1679.0,1625.0,0
2020-07-26,2020,1682.0,1627.0,0
2020-07-27,2020,1685.0,1630.0,0
2020-07-28,2020,1689.0,1638.0,0
2020-07-29,2020,1701.0,1646.0,0
2020-07-30,2020,1708.0,1649.0,0
2020-07-31,2020,1711.0,1651.0,0
2020-08-01,2020,1719.0,1655.0,0
2020-08-02,2020,1723.0,1658.0,0
2020-08-03,2020,1727.0,1662.0,0
2020-08-04,2020,1730.0,1666.0,0
2020-08-05,2020,1732.0,1670.0,0
2020-08-06,2020,1736.0,1679.0,0
2020-08-07,2020,1743.0,1686.0,0
2020-08-08,2020,1749.0,1691.0,0
2020-08-09,2020,1754.0,1694.0,0
2020-08-10,2020,1758.0,1696.0,0
2020-08-11,2020,1762.0,1705.0,0
2020-08-12,2020,1767.0,1707.0,0
2020-08-13,2020,1771.0,1712.0,0
2020-08-14,2020,1774.0,1721.0,0
2020-08-15,2020,1775.0,1724.0,0
2020-08-16,2020,1776.0,1726.0,0
2020-08-17,2020,1779.0,1725.0,0
2020-08-18,2020,1784.0,1727.0,0
2020-08-19,2020,1792.0,1730.0,0
2020-08-20,2020,1796.0,1735.0,0
2020-08-21,2020,1798.0,1738.0,0
2020-08-22,2020,1804.0,1742.0,0
2020-08-23,2020,1810.0,1742.0,0
2020-08-24,2020,1811.0,1743.0,0
2020-08-25,2020,1815.0,1749.0,0
2020-08-26,2020,1822.0,1752.0,0
2020-08-27,2020,1825.0,1755.0,0
2020-08-28,2020,1835.0,1758.0,0
2020-08-29,2020,1841.0,1762.0,0
2020-08-30,2020,1845.0,1764.0,0
2020-08-31,2020,1845.0,1767.0,0
2020-09-01,2020,1847.0,1770.0,0
2020-09-02,2020,1851.0,1772.0,0
2020-09-03,2020,1857.0,1777.0,0
2020-09-04,2020,1860.0,1785.0,0
2020-09-05,2020,1862.0,1790.0,0
2020-09-06,2020,1863.0,1792.0,0
2020-09-07,2020,1864.0,1796.0,0
2020-09-08,2020,1866.0,1797.0,0
2020-09-09,2020,1868.0,1804.0,0
2020-09-10,2020,1872.0,1807.0,0
2020-09-11,2020,1876.0,1809.0,0
2020-09-12,2020,1882.0,1811.0,0
2020-09-13,2020,1883.0,1812.0,0
2020-09-14,2020,1883.0,1813.0,0
2020-09-15,2020,1890.0,1816.0,0
2020-09-16,2020,1893.0,1819.0,0
2020-09-17,2020,1895.0,1822.0,0
2020-09-18,2020,1899.0,1825.0,0
2020-09-19,2020,1904.0,1828.0,0
2020-09-20,2020,1904.0,1831.0,0
2020-09-21,2020,1908.0,1831.0,0
2020-09-22,2020,1914.0,1834.0,0
2020-09-23,2020,1917.0,1839.0,0
2020-09-24,2020,1921.0,1844.0,0
2020-09-25,2020,1925.0,1847.0,0
2020-09-26,2020,1933.0,1847.0,0
2020-09-27,2020,1941.0,1849.0,0
2020-09-28,2020,1941.0,1852.0,0
2020-09-29,2020,1944.0,1858.0,0
2020-09-30,2020,1944.0,1861.0,0
2020-10-01,2020,1944.0,1861.0,0
2020-10-02,2020,1944.0,1862.0,0
2020-10-03,2020,1949.0,1864.0,0
2020-10-04,2020,1950.0,1864.0,0
2020-10-05,2020,1952.0,1865.0,0
2020-10-06,2020,1955.0,1868.0,0
2020-10-07,2020,1956.0,1873.0,0
2020-10-08,2020,1957.0,1878.0,0
2020-10-09,2020,1962.0,1883.0,0
2020-10-10,2020,1966.0,1884.0,0
2020-10-11,2020,1970.0,1884.0,0
2020-10-12,2020,1972.0,1887.0,0
2020-10-13,2020,1976.0,1892.0,0
2020-10-14,2020,1978.0,1899.0,0
2020-10-15,2020,1983.0,1900.0,0
2020-10-16,2020,1984.0,1903.0,0
2020-10-17,2020,1985.0,1906.0,0
2020-10-18,2020,1985.0,1906.0,0
2020-10-19,2020,1988.0,1907.0,0
2020-10-20,2020,1993.0,1911.0,0
2020-10-21,2020,1996.0,1916.0,0
2020-10-22,2020,2004.0,1920.0,0
2020-10-23,2020,2007.0,1925.0,0
2020-10-24,2020,2015.0,1930.0,0
2020-10-25,2020,2017.0,1933.0,0
2020-10-26,2020,2019.0,1934.0,0
2020-10-27,2020,2026.0,1936.0,0
2020-10-28,2020,2031.0,1938.0,0
2020-10-29,2020,2038.0,1942.0,0
2020-10-30,2020,2043.0,1947.0,0
2020-10-31,2020,2048.0,1952.0,0
2020-11-01,2020,2048.0,1956.0,0
2020-11-02,2020,2047.0,1960.0,0
2020-11-03,2020,2049.0,1966.0,0
2020-11-04,2020,2055.0,1970.0,0
2020-11-05,2020,2059.0,1976.0,0
2020-11-06,2020,2063.0,1983.0,0
2020-11-07,2020,2067.0,1985.0,0
2020-11-08,2020,2073.0,1990.0,0
2020-11-09,2020,2076.0,1996.0,0
2020-11-10,2020,2085.0,1999.0,0
2020-11-11,2020,2094.0,2006.0,0
2020-11-12,2020,2099.0,2013.0,0
2020-11-13,2020,2104.0,2020.0,0
2020-11-14,2020,2115.0,2029.0,0
2020-11-15,2020,2119.0,2034.0,0
2020-11-16,2020,2123.0,2037.0,0
2020-11-17,2020,2137.0,2049.0,0
2020-11-18,2020,2147.0,2054.0,0
2020-11-19,2020,2159.0,2061.0,0
2020-11-20,2020,2171.0,2074.0,0
2020-11-21,2020,2177.0,2084.0,0
2020-11-22,2020,2188.0,2091.0,0
2020-11-23,2020,2194.0,2099.0,0
2020-11-24,2020,2211.0,2114.0,0
2020-11-25,2020,2225.0,2138.0,0
2020-11-26,2020,2242.0,2150.0,0
2020-11-27,2020,2256.0,2158.0,0
2020-11-28,2020,2278.0,2169.0,0
2020-11-29,2020,2290.0,2180.0,0
2020-11-30,2020,2299.0,2187.0,0
2020-12-01,2020,2318.0,2198.0,0
2020-12-02,2020,2342.0,2216.0,0
2020-12-03,2020,2365.0,2241.0,0
2020-12-04,2020,2381.0,2249.0,0
2020-12-05,2020,2393.0,2266.0,0
2020-12-06,2020,2403.0,2282.0,0
2020-12-07,2020,2413.0,2292.0,0
2020-12-08,2020,2436.0,2319.0,0
2020-12-09,2020,2462.0,2339.0,0
2020-12-10,2020,2491.0,2359.0,0
2020-12-11,2020,2522.0,2379.0,0
2020-12-12,2020,2539.0,2398.0,0
2020-12-13,2020,2546.0,2408.0,0
2020-12-14,2020,2556.0,2422.0,0
2020-12-15,2020,2583.0,2456.0,0
2020-12-16,2020,2611.0,2492.0,0
2020-12-17,2020,2638.0,2514.0,0
2020-12-18,2020,2657.0,2531.0,0
2020-12-19,2020,2689.0,2553.0,0
2020-12-20,2020,2710.0,2569.0,0
2020-12-21,2020,2720.0,2582.0,0
2020-12-22,2020,2745.0,2608.0,0
2020-12-23,2020,2774.0,2628.0,0
2020-12-24,2020,2806.0,2656.0,0
2020-12-25,2020,2825.0,2668.0,0
2020-12-26,2020,2837.0,2677.0,0
2020-12-27,2020,2856.0,2689.0,0
2020-12-28,2020,2872.0,2701.0,0
2020-12-29,2020,2910.0,2726.0,0
2020-12-30,2020,2929.0,2752.0,0
2020-12-31,2020,2950.0,2777.0,0
2021-01-01,2021,2974.0,2800.0,0
2021-01-02,2021,2992.0,2807.0,0
2021-01-03,2021,3008.0,2818.0,0
2021-01-04,2021,3030.0,2829.0,0
2021-01-05,2021,3057.0,2856.0,0
2021-01-06,2021,3084.0,2876.0,0
2021-01-07,2021,3109.0,2895.0,0
2021-01-08,2021,3133.0,2914.0,0
2021-01-09,2021,3150.0,2925.0,0
2021-01-10,2021,3169.0,2931.0,0
2021-01-11,2021,3180.0,2949.0,0
2021-01-12,2021,3213.0,2983.0,0
2021-01-13,2021,3235.0,2998.0,0
2021-01-14,2021,3258.0,3019.0,0
2021-01-15,2021,3281.0,3041.0,0
2021-01-16,2021,3300.0,3068.0,1
2021-01-17,2021,3308.0,3086.0,0
2021-01-18,2021,3321.0,3102.0,0
2021-01-19,2021,3345.0,3131.0,0
2021-01-20,2021,3360.0,3154.0,0
2021-01-21,2021,3381.0,3179.0,0
2021-01-22,2021,3406.0,3211.0,0
2021-01-23,2021,3431.0,3231.0,0
2021-01-24,2021,3447.0,3243.0,0
2021-01-25,2021,3469.0,3257.0,0
2021-01-26,2021,3498.0,3290.0,0
2021-01-27,2021,3518.0,3303.0,0
2021-01-28,2021,3536.0,3325.0,0
2021-01-29,2021,3561.0,3339.0,0
2021-01-30,2021,3577.0,3354.0,0
2021-01-31,2021,3589.0,3362.0,0
2021-02-01,2021,3606.0,3372.0,0
2021-02-02,2021,3621.0,3391.0,0
2021-02-03,2021,3636.0,3407.0,0
2021-02-04,2021,3654.0,3419.0,1
2021-02-05,2021,3676.0,3432.0,1
2021-02-06,2021,3701.0,3449.0,0
2021-02-07,2021,3712.0,3458.0,0
2021-02-08,2021,3726.0,3467.0,0
2021-02-09,2021,3746.0,3488.0,0
2021-02-10,2021,3763.0,3504.0,0
2021-02-11,2021,3777.0,3511.0,0
2021-02-12,2021,3793.0,3531.0,0
2021-02-13,2021,3808.0,3548.0,0
2021-02-14,2021,3819.0,3555.0,0
2021-02-15,2021,3833.0,3567.0,0
2021-02-16,2021,3851.0,3579.0,0
2021-02-17,2021,3860.0,3589.0,0
2021-02-18,2021,3878.0,3601.0,0
2021-02-19,2021,3885.0,3610.0,0
2021-02-20,2021,3896.0,3619.0,0
2021-02-21,2021,3904.0,3629.0,0
2021-02-22,2021,3913.0,3637.0,0
2021-02-23,2021,3929.0,3651.0,0
2021-02-24,2021,3941.0,3666.0,0
2021-02-25,2021,3945.0,3678.0,0
2021-02-26,2021,3960.0,3696.0,0
2021-02-27,2021,3971.0,3703.0,0
2021-02-28,2021,3978.0,3709.0,0
2021-03-01,2021,3982.0,3715.0,0
2021-03-02,2021,3996.0,3727.0,0
2021-03-03,2021,4006.0,3731.0,0
2021-03-04,2021,4008.0,3732.0,0
2021-03-05,2021,4008.0,3740.0,0
2021-03-06,2021,4012.0,3747.0,0
2021-03-07,2021,4022.0,3751.0,0
2021-03-08,2021,4027.0,3754.0,0
2021-03-09,2021,4039.0,3767.0,0
2021-03-10,2021,4050.0,3770.0,0
2021-03-11,2021,4059.0,3773.0,0
2021-03-12,2021,4067.0,3781.0,0
2021-03-13,2021,4071.0,3785.0,0
2021-03-14,2021,4076.0,3790.0,0
2021-03-15,2021,4078.0,3795.0,0
2021-03-16,2021,4091.0,3805.0,0
2021-03-17,2021,4101.0,3814.0,0
2021-03-18,2021,4108.0,3821.0,0
2021-03-19,2021,4118.0,3829.0,0
2021-03-20,2021,4129.0,3844.0,0
2021-03-21,2021,4133.0,3852.0,0
2021-03-22,2021,4140.0,3859.0,0
2021-03-23,2021,4145.0,3865.0,0
2021-03-24,2021,4151.0,3878.0,0
2021-03-25,2021,4153.0,3879.0,0
2021-03-26,2021,4165.0,3882.0,0
2021-03-27,2021,4172.0,3889.0,0
2021-03-28,2021,4176.0,3890.0,0
2021-03-29,2021,4184.0,3891.0,0
2021-03-30,2021,4194.0,3894.0,0
2021-03-31,2021,4204.0,3897.0,0
2021-04-01,2021,4210.0,3908.0,0
2021-04-02,2021,4220.0,3914.0,0
2021-04-03,2021,4237.0,3920.0,0
2021-04-04,2021,4237.0,3928.0,0
2021-04-05,2021,4241.0,3936.0,0
2021-04-06,2021,4249.0,3943.0,0
2021-04-07,2021,4251.0,3952.0,0
2021-04-08,2021,4264.0,3960.0,0
2021-04-09,2021,4270.0,3968.0,0
2021-04-10,2021,4281.0,3977.0,0
2021-04-11,2021,4287.0,3982.0,0
2021-04-12,2021,4297.0,3987.0,0
2021-04-13,2021,4306.0,3992.0,0
2021-04-14,2021,4308.0,3999.0,0
2021-04-15,2021,4315.0,4011.0,0
2021-04-16,2021,4324.0,4018.0,0
2021-04-17,2021,4334.0,4025.0,0
2021-04-18,2021,4345.0,4031.0,0
2021-04-19,2021,4353.0,4034.0,0
2021-04-20,2021,4364.0,4042.0,0
2021-04-21,2021,4371.0,4048.0,0
2021-04-22,2021,4379.0,4060.0,0
2021-04-23,2021,4380.0,4067.0,0
2021-04-24,2021,4389.0,4073.0,0
2021-04-25,2021,4395.0,4080.0,0
2021-04-26,2021,4400.0,4083.0,0
2021-04-27,2021,4407.0,4094.0,0
2021-04-28,2021,4416.0,4105.0,0
2021-04-29,2021,4419.0,4111.0,0
2021-04-30,2021,4433.0,4122.0,0
2021-05-01,2021,4442.0,4133.0,0
2021-05-02,2021,4447.0,4138.0,0
2021-05-03,2021,4457.0,4148.0,0
2021-05-04,2021,4462.0,4150.0,0
2021-05-05,2021,4468.0,4154.0,0
2021-05-06,2021,4471.0,4160.0,0
2021-05-07,2021,4476.0,4166.0,0
2021-05-08,2021,4480.0,4172.0,0
2021-05-09,2021,4484.0,4176.0,0
2021-05-10,2021,4489.0,4181.0,0
2021-05-11,2021,4493.0,4185.0,0
2021-05-12,2021,4500.0,4187.0,0
2021-05-13,2021,4506.0,4198.0,0
2021-05-14,2021,4513.0,4203.0,0
2021-05-15,2021,4519.0,4214.0,0
2021-05-16,2021,4519.0,4218.0,0
2021-05-17,2021,4519.0,4221.0,0
2021-05-18,2021,4523.0,4231.0,0
2021-05-19,2021,4530.0,4236.0,0
2021-05-20,2021,4531.0,4237.0,0
2021-05-21,2021,4536.0,4246.0,0
2021-05-22,2021,4541.0,4258.0,0
2021-05-23,2021,4547.0,4269.0,0
2021-05-24,2021,4555.0,4276.0,0
2021-05-25,2021,4558.0,4280.0,0
2021-05-26,2021,4560.0,4286.0,0
2021-05-27,2021,4834.0,4534.0,0
2021-05-28,2021,4844.0,4536.0,0
2021-05-29,2021,4847.0,4540.0,0
2021-05-30,2021,4851.0,4544.0,0
2021-05-31,2021,4852.0,4550.0,0
2021-06-01,2021,4853.0,4551.0,0
2021-06-02,2021,4857.0,4553.0,0
2021-06-03,2021,4857.0,4557.0,0
2021-06-04,2021,4858.0,4559.0,0
2021-06-05,2021,4863.0,4563.0,0
2021-06-06,2021,4866.0,4565.0,0
2021-06-07,2021,4868.0,4567.0,0
2021-06-08,2021,4869.0,4569.0,0
2021-06-09,2021,4871.0,4571.0,0
2021-06-10,2021,4876.0,4574.0,0
2021-06-11,2021,4882.0,4577.0,0
2021-06-12,2021,4886.0,4578.0,0
2021-06-13,2021,4887.0,4579.0,0
2021-06-14,2021,4888.0,4580.0,0
2021-06-15,2021,4889.0,4583.0,0
2021-06-16,2021,4890.0,4588.0,0
2021-06-17,2021,4893.0,4588.0,0
2021-06-18,2021,4896.0,4590.0,0
2021-06-19,2021,4897.0,4593.0,0
2021-06-20,2021,4897.0,4593.0,0
2021-06-21,2021,4897.0,4593.0,0
2021-06-22,2021,4900.0,4598.0,0
2021-06-23,2021,4904.0,4601.0,0
2021-06-24,2021,4908.0,4604.0,0
2021-06-25,2021,4909.0,4604.0,0
2021-06-26,2021,4913.0,4604.0,0
2021-06-27,2021,4913.0,4607.0,0
2021-06-28,2021,4914.0,4608.0,0
2021-06-29,2021,4914.0,4609.0,0
2021-06-30,2021,4914.0,4610.0,0
2021-07-01,2021,4914.0,4613.0,0
2021-07-02,2021,4914.0,4615.0,0
2021-07-03,2021,4916.0,4616.0,0
2021-07-04,2021,4916.0,4616.0,0
2021-07-05,2021,4918.0,4616.0,0
2021-07-06,2021,4920.0,4617.0,0
2021-07-07,2021,4920.0,4618.0,0
2021-07-08,2021,4923.0,4618.0,0
2021-07-09,2021,4925.0,4619.0,0
2021-07-10,2021,4925.0,4620.0,0
2021-07-11,2021,4925.0,4620.0,0
2021-07-12,2021,4925.0,4619.0,0
2021-07-13,2021,4927.0,4621.0,0
2021-07-14,2021,4928.0,4624.0,0
2021-07-15,2021,4931.0,4625.0,0
2021-07-16,2021,4934.0,4627.0,0
2021-07-17,2021,4936.0,4627.0,0
2021-07-18,2021,4937.0,4627.0,0
2021-07-19,2021,4937.0,4628.0,0
2021-07-20,2021,4940.0,4629.0,0
2021-07-21,2021,4943.0,4630.0,0
2021-07-22,2021,4945.0,4634.0,0
2021-07-23,2021,4945.0,4637.0,0
2021-07-24,2021,4946.0,4641.0,0
2021-07-25,2021,4946.0,4642.0,0
2021-07-26,2021,4947.0,4642.0,0
2021-07-27,2021,4949.0,4642.0,0
2021-07-28,2021,4950.0,4644.0,0
2021-07-29,2021,4951.0,4648.0,0
2021-07-30,2021,4952.0,4647.0,0
2021-07-31,2021,4955.0,4651.0,0
2021-08-01,2021,4957.0,4652.0,0
2021-08-02,2021,4957.0,4652.0,0
2021-08-03,2021,4959.0,4656.0,0
2021-08-04,2021,4962.0,4658.0,0
2021-08-05,2021,4962.0,4660.0,0
2021-08-06,2021,4966.0,4660.0,0
2021-08-07,2021,4968.0,4661.0,0
2021-08-08,2021,4971.0,4666.0,0
2021-08-09,2021,4974.0,4667.0,0
2021-08-10,2021,4978.0,4670.0,0
2021-08-11,2021,4978.0,4671.0,0
2021-08-12,2021,4980.0,4672.0,0
2021-08-13,2021,4984.0,4673.0,0
2021-08-14,2021,4990.0,4676.0,0
2021-08-15,2021,4993.0,4677.0,0
2021-08-16,2021,4994.0,4681.0,0
2021-08-17,2021,4996.0,4682.0,0
2021-08-18,2021,5000.0,4686.0,0
2021-08-19,2021,5004.0,4691.0,0
2021-08-20,2021,5006.0,4695.0,0
2021-08-21,2021,5013.0,4703.0,0
2021-08-22,2021,5016.0,4705.0,0
2021-08-23,2021,5020.0,4706.0,0
2021-08-24,2021,5026.0,4708.0,0
2021-08-25,2021,5032.0,4713.0,0
2021-08-26,2021,5028.0,4713.0,0
2021-08-27,2021,5034.0,4714.0,0
2021-08-28,2021,5040.0,4720.0,0
2021-08-29,2021,5045.0,4727.0,0
2021-08-30,2021,5049.0,4732.0,0
2021-08-31,2021,5054.0,4737.0,0
2021-09-01,2021,5059.0,4742.0,0
2021-09-02,2021,5067.0,4750.0,0
2021-09-03,2021,5072.0,4755.0,0
2021-09-04,2021,5079.0,4758.0,0
2021-09-05,2021,5084.0,4765.0,0
2021-09-06,2021,5093.0,4770.0,0
2021-09-07,2021,5098.0,4772.0,0
2021-09-08,2021,5111.0,4780.0,0
2021-09-09,2021,5116.0,4784.0,0
2021-09-10,2021,5124.0,4791.0,0
2021-09-11,2021,5137.0,4798.0,0
2021-09-12,2021,5149.0,4802.0,0
2021-09-13,2021,5155.0,4809.0,0
2021-09-14,2021,5163.0,4816.0,0
2021-09-15,2021,5166.0,4824.0,0
2021-09-16,2021,5178.0,4833.0,0
2021-09-17,2021,5183.0,4840.0,0
2021-09-18,2021,5193.0,4842.0,0
2021-09-19,2021,5193.0,4842.0,0
2021-09-20,2021,5193.0,4842.0,0
2021-09-21,2021,5213.0,4868.0,0
2021-09-22,2021,5227.0,4877.0,0
2021-09-23,2021,5241.0,4879.0,0
2021-09-24,2021,5244.0,4890.0,0
2021-09-25,2021,5249.0,4891.0,0
2021-09-26,2021,5263.0,4892.0,0
2021-09-27,2021,5269.0,4897.0,0
2021-09-28,2021,5279.0,4904.0,0
2021-09-29,2021,5285.0,4911.0,0
2021-09-30,2021,5291.0,4921.0,0
2021-10-01,2021,5304.0,4925.0,0
2021-10-02,2021,5313.0,4930.0,0
2021-10-03,2021,5315.0,4932.0,0
2021-10-04,2021,5321.0,4939.0,0
2021-10-05,2021,5332.0,4950.0,0
2021-10-06,2021,5343.0,4960.0,0
2021-10-07,2021,5352.0,4968.0,0
2021-10-08,2021,5360.0,4973.0,0
2021-10-09,2021,5370.0,4983.0,0
2021-10-10,2021,5379.0,4984.0,0
2021-10-11,2021,5383.0,4987.0,0
2021-10-12,2021,5396.0,5001.0,0
2021-10-13,2021,5404.0,5009.0,0
2021-10-14,2021,5419.0,5013.0,0
2021-10-15,2021,5430.0,5020.0,0
2021-10-16,2021,5442.0,5029.0,0
2021-10-17,2021,5444.0,5032.0,0
2021-10-18,2021,5451.0,5039.0,0
2021-10-19,2021,5459.0,5045.0,0
2021-10-20,2021,5475.0,5051.0,0
2021-10-21,2021,5479.0,5061.0,0
2021-10-22,2021,5486.0,5068.0,0
2021-10-23,2021,5496.0,5069.0,0
2021-10-24,2021,5500.0,5075.0,0
2021-10-25,2021,5504.0,5076.0,0
2021-10-26,2021,5512.0,5084.0,0
2021-10-27,2021,5516.0,5093.0,0
2021-10-28,2021,5521.0,5102.0,0
2021-10-29,2021,5525.0,5109.0,0
2021-10-30,2021,5535.0,5116.0,0
2021-10-31,2021,5541.0,5123.0,0
2021-11-01,2021,5550.0,5127.0,0
2021-11-02,2021,5554.0,5128.0,0
2021-11-03,2021,5559.0,5135.0,0
2021-11-04,2021,5568.0,5140.0,0
2021-11-05,2021,5578.0,5147.0,0
2021-11-06,2021,5582.0,5152.0,0
2021-11-07,2021,5587.0,5156.0,0
2021-11-08,2021,5594.0,5163.0,0
2021-11-09,2021,5599.0,5169.0,0
2021-11-10,2021,5610.0,5173.0,0
2021-11-11,2021,5614.0,5174.0,0
2021-11-12,2021,5621.0,5177.0,0
2021-11-13,2021,5633.0,5185.0,0
2021-11-14,2021,5638.0,5191.0,0
2021-11-15,2021,5642.0,5194.0,0
2021-11-16,2021,5643.0,5200.0,0
2021-11-17,2021,5648.0,5206.0,0
2021-11-18,2021,5653.0,5210.0,0
2021-11-19,2021,5657.0,5212.0,0
2021-11-20,2021,5658.0,5220.0,0
2021-11-21,2021,5664.0,5224.0,0
2021-11-22,2021,5668.0,5228.0,0
2021-11-23,2021,5676.0,5236.0,0
2021-11-24,2021,5677.0,5238.0,0
2021-11-25,2021,5681.0,5245.0,0
2021-11-26,2021,5686.0,5248.0,0
2021-11-27,2021,5695.0,5250.0,0
2021-11-28,2021,5701.0,5252.0,0
2021-11-29,2021,5705.0,5252.0,0
2021-11-30,2021,5714.0,5259.0,0
2021-12-01,2021,5720.0,5267.0,0
2021-12-02,2021,5728.0,5268.0,0
2021-12-03,2021,5736.0,5271.0,0
2021-12-04,2021,5748.0,5274.0,0
2021-12-05,2021,0.0,0.0,0
2021-12-06,2021,0.0,0.0,0
2021-12-07,2021,0.0,0.0,0
2021-12-08,2021,0.0,0.0,0
2021-12-09,2021,0.0,0.0,0
2021-12-10,2021,0.0,0.0,0
2021-12-11,2021,0.0,0.0,0
2021-12-12,2021,0.0,0.0,0
2021-12-13,2021,0.0,0.0,0
2021-12-14,2021,0.0,0.0,0
2021-12-15,2021,0.0,0.0,0
2021-12-16,2021,0.0,0.0,0
2021-12-17,2021,0.0,0.0,0
2021-12-18,2021,0.0,0.0,0
2021-12-19,2021,0.0,0.0,0
2021-12-20,2021,0.0,0.0,0
2021-12-21,2021,0.0,0.0,0
2021-12-22,2021,0.0,0.0,0
2021-12-23,2021,0.0,0.0,0
2021-12-24,2021,0.0,0.0,0
2021-12-25,2021,0.0,0.0,0
2021-12-26,2021,0.0,0.0,0
2021-12-27,2021,0.0,0.0,0
2021-12-28,2021,5991.0,5446.0,0
2021-12-29,2021,5994.0,5473.0,0
2021-12-30,2021,6027.0,5495.0,0
2021-12-31,2021,6053.0,5518.0,0
2022-01-01,2022,6067.0,5536.0,0
2022-01-02,2022,6082.0,5550.0,0
2022-01-03,2022,6096.0,5562.0,0
2022-01-04,2022,6126.0,5580.0,0
2022-01-05,2022,6152.0,5603.0,0
2022-01-06,2022,6183.0,5626.0,0
2022-01-07,2022,6216.0,5652.0,0
2022-01-08,2022,6238.0,5679.0,0
2022-01-09,2022,6265.0,5704.0,0
2022-01-10,2022,6284.0,5732.0,0
2022-01-11,2022,6322.0,5764.0,0
2022-01-12,2022,6367.0,5804.0,0
2022-01-13,2022,6402.0,5832.0,0
2022-01-14,2022,6445.0,5858.0,0
2022-01-15,2022,6474.0,5884.0,0
2022-01-16,2022,6508.0,5908.0,0
2022-01-17,2022,6539.0,5928.0,0
2022-01-18,2022,6570.0,5965.0,0
2022-01-19,2022,6606.0,6008.0,0
2022-01-20,2022,6641.0,6043.0,0
2022-01-21,2022,6675.0,6076.0,0
2022-01-22,2022,6711.0,6105.0,0
2022-01-23,2022,6738.0,6131.0,0
2022-01-24,2022,6758.0,6146.0,0
2022-01-25,2022,6798.0,6180.0,0
2022-01-26,2022,6826.0,6198.0,0
2022-01-27,2022,6851.0,6227.0,0
2022-01-28,2022,6878.0,6253.0,0
2022-01-29,2022,6899.0,6276.0,0
2022-01-30,2022,6917.0,6291.0,0
2022-01-31,2022,6928.0,6299.0,0
2022-02-01,2022,6957.0,6319.0,0
2022-02-02,2022,6978.0,6338.0,0
2022-02-03,2022,6997.0,6356.0,0
2022-02-04,2022,7022.0,6375.0,0
2022-02-05,2022,7038.0,6394.0,0
2022-02-06,2022,7055.0,6410.0,0
2022-02-07,2022,7066.0,6420.0,0
2022-02-08,2022,7095.0,6433.0,0
2022-02-09,2022,7115.0,6453.0,0
2022-02-10,2022,7136.0,6469.0,0
2022-02-11,2022,7147.0,6468.0,0
2022-02-12,2022,7162.0,6484.0,0
2022-02-13,2022,7170.0,6488.0,0
2022-02-14,2022,7174.0,6492.0,0
2022-02-15,2022,7177.0,6502.0,0
2022-02-16,2022,7193.0,6512.0,0
2022-02-17,2022,7199.0,6521.0,0
2022-02-18,2022,7200.0,6527.0,0
2022-02-19,2022,7208.0,6533.0,0
2022-02-20,2022,7211.0,6538.0,0
2022-02-21,2022,7215.0,6543.0,0
2022-02-22,2022,7226.0,6560.0,0
2022-02-23,2022,7230.0,6569.0,0
2022-02-24,2022,7234.0,6579.0,0
2022-02-25,2022,7239.0,6589.0,0
2022-02-26,2022,7246.0,6596.0,0
2022-02-27,2022,7251.0,6605.0,0
2022-02-28,2022,7253.0,6606.0,0
2022-03-01,2022,7258.0,6614.0,0
2022-03-02,2022,7268.0,6615.0,0
2022-03-03,2022,7277.0,6620.0,0
2022-03-04,2022,7284.0,6624.0,0
2022-03-05,2022,7289.0,6624.0,0
2022-03-06,2022,7291.0,6629.0,0
2022-03-07,2022,7294.0,6631.0,0
2022-03-08,2022,7300.0,6643.0,0
2022-03-09,2022,7307.0,6648.0,0
2022-03-10,2022,7311.0,6653.0,0
2022-03-11,2022,7312.0,6660.0,0
2022-03-12,2022,7320.0,6664.0,0
2022-03-13,2022,7326.0,6670.0,0
2022-03-14,2022,7329.0,6669.0,0
2022-03-15,2022,7332.0,6674.0,0
2022-03-16,2022,7337.0,6678.0,0
2022-03-17,2022,7337.0,6681.0,0
2022-03-18,2022,7339.0,6683.0,0
2022-03-19,2022,7344.0,6685.0,0
2022-03-20,2022,7346.0,6688.0,0
2022-03-21,2022,7349.0,6691.0,0
2022-03-22,2022,7349.0,6690.0,0
2022-03-23,2022,7351.0,6696.0,0
2022-03-24,2022,7355.0,6697.0,0
2022-03-25,2022,7359.0,6695.0,0
2022-03-26,2022,7360.0,6700.0,0
2022-03-27,2022,7361.0,6701.0,0
2022-03-28,2022,7361.0,6702.0,0
2022-03-29,2022,7365.0,6702.0,0
2022-03-30,2022,7372.0,6707.0,0
2022-03-31,2022,7373.0,6708.0,0
2022-04-01,2022,7375.0,6708.0,0
2022-04-02,2022,7380.0,6711.0,0
2022-04-03,2022,7381.0,6713.0,0
2022-04-04,2022,7382.0,6715.0,0
2022-04-05,2022,7382.0,6717.0,0
2022-04-06,2022,7383.0,6718.0,0
2022-04-07,2022,7385.0,6719.0,0
2022-04-08,2022,7385.0,6722.0,0
2022-04-09,2022,0.0,0.0,0
2022-04-10,2022,0.0,0.0,0
2022-04-11,2022,7387.0,6726.0,0
2022-04-12,2022,7389.0,6732.0,0
2022-04-13,2022,7393.0,6734.0,0
2022-04-14,2022,7393.0,6738.0,0
2022-04-15,2022,7395.0,6739.0,0
2022-04-16,2022,7396.0,6741.0,0
2022-04-17,2022,0.0,0.0,0
2022-04-18,2022,0.0,0.0,0
2022-04-19,2022,7400.0,6743.0,0
2022-04-20,2022,7402.0,6746.0,0
2022-04-21,2022,7406.0,6748.0,0
2022-04-22,2022,7410.0,6748.0,0
2022-04-23,2022,7412.0,6749.0,0
2022-04-24,2022,0.0,0.0,0
2022-04-25,2022,0.0,0.0,0
2022-04-26,2022,7416.0,6754.0,0
2022-04-27,2022,7419.0,6758.0,0
2022-04-28,2022,7424.0,6761.0,0
2022-04-29,2022,7426.0,6766.0,0
2022-04-30,2022,7430.0,6768.0,0
2022-05-01,2022,0.0,0.0,0
2022-05-02,2022,0.0,0.0,0
2022-05-03,2022,7440.0,6773.0,0
2022-05-04,2022,7440.0,6775.0,0
2022-05-05,2022,7441.0,6776.0,0
2022-05-06,2022,7442.0,6779.0,0
2022-05-07,2022,7448.0,6782.0,0
2022-05-08,2022,0.0,0.0,0
2022-05-09,2022,0.0,0.0,0
2022-05-10,2022,7453.0,6787.0,0
2022-05-11,2022,7455.0,6790.0,0
2022-05-12,2022,7458.0,6796.0,0
2022-05-13,2022,7459.0,6796.0,0
2022-05-14,2022,7463.0,6796.0,0
2022-05-15,2022,0.0,0.0,0
2022-05-16,2022,0.0,0.0,0
2022-05-17,2022,7473.0,6804.0,0
2022-05-18,2022,7474.0,6806.0,0
2022-05-19,2022,7475.0,6807.0,0
2022-05-20,2022,7475.0,6810.0,0
2022-05-21,2022,7476.0,6812.0,0
2022-05-22,2022,0.0,0.0,0
2022-05-23,2022,0.0,0.0,0
2022-05-24,2022,7483.0,6819.0,0
2022-05-25,2022,7489.0,6825.0,0
2022-05-26,2022,7493.0,6832.0,0
2022-05-27,2022,7495.0,6832.0,0
2022-05-28,2022,7497.0,6833.0,0
2022-05-29,2022,0.0,0.0,0
2022-05-30,2022,0.0,0.0,0
2022-05-31,2022,0.0,0.0,0
2022-06-01,2022,7506.0,6840.0,0
2022-06-02,2022,7511.0,6842.0,0
2022-06-03,2022,7515.0,6847.0,0
2022-06-04,2022,7517.0,6850.0,0
2022-06-05,2022,0.0,0.0,0
2022-06-06,2022,0.0,0.0,0
2022-06-07,2022,7526.0,6858.0,0
2022-06-08,2022,7527.0,6860.0,0
2022-06-09,2022,7531.0,6862.0,0
2022-06-10,2022,7535.0,6869.0,0
2022-06-11,2022,7539.0,6872.0,0
2022-06-12,2022,0.0,0.0,0
2022-06-13,2022,0.0,0.0,0
2022-06-14,2022,7549.0,6878.0,0
2022-06-15,2022,7550.0,6885.0,0
2022-06-16,2022,7554.0,6890.0,0
2022-06-17,2022,7557.0,6895.0,0
2022-06-18,2022,7565.0,6897.0,0
2022-06-19,2022,0.0,0.0,0
2022-06-20,2022,0.0,0.0,0
2022-06-21,2022,0.0,0.0,0
2022-06-22,2022,7578.0,6907.0,0
2022-06-23,2022,7580.0,6909.0,0
2022-06-24,2022,7583.0,6910.0,0
2022-06-25,2022,7587.0,6911.0,0
2022-06-26,2022,0.0,0.0,0
2022-06-27,2022,0.0,0.0,0
2022-06-28,2022,7592.0,6919.0,0
2022-06-29,2022,7595.0,6922.0,0
2022-06-30,2022,7599.0,6923.0,0
2022-07-01,2022,7601.0,6926.0,0
2022-07-02,2022,7608.0,6930.0,0
2022-07-03,2022,0.0,0.0,0
2022-07-04,2022,0.0,0.0,0
2022-07-05,2022,0.0,0.0,0
2022-07-06,2022,7621.0,6938.0,0
2022-07-07,2022,7622.0,6939.0,0
2022-07-08,2022,7626.0,6942.0,0
2022-07-09,2022,7627.0,6944.0,0
2022-07-10,2022,0.0,0.0,0
2022-07-11,2022,0.0,0.0,0
2022-07-12,2022,7634.0,6951.0,0
2022-07-13,2022,7637.0,6957.0,0
2022-07-14,2022,7639.0,6960.0,0
2022-07-15,2022,7649.0,6960.0,0
2022-07-16,2022,7649.0,6965.0,0
2022-07-17,2022,0.0,0.0,0
2022-07-18,2022,0.0,0.0,0
2022-07-19,2022,7658.0,6969.0,0
2022-07-20,2022,7658.0,6971.0,0
2022-07-21,2022,7661.0,6975.0,0
2022-07-22,2022,7664.0,6980.0,0
2022-07-23,2022,7665.0,6986.0,0
2022-07-24,2022,0.0,0.0,0
2022-07-25,2022,0.0,0.0,0
2022-07-26,2022,7680.0,6993.0,0
2022-07-27,2022,7691.0,7002.0,0
2022-07-28,2022,7697.0,7007.0,0
2022-07-29,2022,7698.0,7006.0,0
2022-07-30,2022,7700.0,7015.0,0
2022-07-31,2022,0.0,0.0,0
2022-08-01,2022,0.0,0.0,0
2022-08-02,2022,7706.0,7020.0,0
2022-08-03,2022,7710.0,7027.0,0
2022-08-04,2022,7710.0,7027.0,0
2022-08-05,2022,7713.0,7029.0,0
2022-08-06,2022,7714.0,7032.0,0
2022-08-07,2022,0.0,0.0,0
2022-08-08,2022,0.0,0.0,0
2022-08-09,2022,7725.0,7036.0,0
2022-08-10,2022,7732.0,7040.0,0
2022-08-11,2022,7739.0,7045.0,0
2022-08-12,2022,7743.0,7047.0,0
2022-08-13,2022,7744.0,7050.0,0
2022-08-14,2022,0.0,0.0,0
2022-08-15,2022,0.0,0.0,0
2022-08-16,2022,7759.0,7056.0,0
2022-08-17,2022,7765.0,7059.0,0
2022-08-18,2022,7770.0,7062.0,0
2022-08-19,2022,7774.0,7064.0,0
2022-08-20,2022,7778.0,7067.0,0
2022-08-21,2022,0.0,0.0,0
2022-08-22,2022,0.0,0.0,0
2022-08-23,2022,7784.0,7073.0,0
2022-08-24,2022,7789.0,7076.0,0
2022-08-25,2022,7795.0,7081.0,0
2022-08-26,2022,7797.0,7085.0,0
2022-08-27,2022,7804.0,7086.0,0
2022-08-28,2022,0.0,0.0,0
2022-08-29,2022,0.0,0.0,0
2022-08-30,2022,7815.0,7091.0,0
2022-08-31,2022,7823.0,7096.0,0
2022-09-01,2022,7827.0,7098.0,0
2022-09-02,2022,7829.0,7101.0,0
2022-09-03,2022,7833.0,7104.0,0
2022-09-04,2022,0.0,0.0,0
2022-09-05,2022,0.0,0.0,0
2022-09-06,2022,0.0,0.0,0
2022-09-07,2022,7848.0,7109.0,0
2022-09-08,2022,7851.0,7113.0,0
2022-09-09,2022,7858.0,7119.0,0
2022-09-10,2022,7862.0,7124.0,0
2022-09-11,2022,0.0,0.0,0
2022-09-12,2022,0.0,0.0,0
2022-09-13,2022,7871.0,7132.0,0
2022-09-14,2022,7877.0,7137.0,0
2022-09-15,2022,7880.0,7143.0,0
2022-09-16,2022,7883.0,7147.0,0
2022-09-17,2022,7889.0,7151.0,0
2022-09-18,2022,0.0,0.0,0
2022-09-19,2022,0.0,0.0,0
2022-09-20,2022,7899.0,7159.0,0
2022-09-21,2022,7905.0,7164.0,0
2022-09-22,2022,7911.0,7165.0,0
2022-09-23,2022,7909.0,7171.0,0
2022-09-24,2022,7912.0,7177.0,0
2022-09-25,2022,0.0,0.0,0
2022-09-26,2022,0.0,0.0,0
2022-09-27,2022,7921.0,7184.0,0
2022-09-28,2022,7931.0,7184.0,0
2022-09-29,2022,7933.0,7186.0,0
2022-09-30,2022,7937.0,7190.0,0
2022-10-01,2022,7938.0,7192.0,0
2022-10-02,2022,0.0,0.0,0
2022-10-03,2022,0.0,0.0,0
2022-10-04,2022,7946.0,7194.0,0
2022-10-05,2022,7950.0,7196.0,0
2022-10-06,2022,7950.0,7197.0,0
2022-10-07,2022,7952.0,7199.0,0
2022-10-08,2022,7953.0,7202.0,0
2022-10-09,2022,0.0,0.0,0
2022-10-10,2022,0.0,0.0,0
2022-10-11,2022,0.0,0.0,0
2022-10-12,2022,7967.0,7216.0,0
2022-10-13,2022,7974.0,7218.0,0
2022-10-14,2022,7975.0,7222.0,0
2022-10-15,2022,7981.0,7225.0,0
2022-10-16,2022,0.0,0.0,0
2022-10-17,2022,0.0,0.0,0
2022-10-18,2022,7992.0,7229.0,0
2022-10-19,2022,7995.0,7229.0,0
2022-10-20,2022,7995.0,7231.0,0
2022-10-21,2022,7998.0,7234.0,0
2022-10-22,2022,7999.0,7240.0,0
2022-10-23,2022,0.0,0.0,0
2022-10-24,2022,0.0,0.0,0
2022-10-25,2022,8008.0,7248.0,0
2022-10-26,2022,8008.0,7249.0,0
2022-10-27,2022,8014.0,7251.0,0
2022-10-28,2022,8019.0,7257.0,0
2022-10-29,2022,8023.0,7261.0,0
2022-10-30,2022,0.0,0.0,0
2022-10-31,2022,0.0,0.0,0
2022-11-01,2022,8027.0,7266.0,0
2022-11-02,2022,8034.0,7270.0,0
2022-11-03,2022,8040.0,7271.0,0
2022-11-04,2022,8043.0,7275.0,0
2022-11-05,2022,8043.0,7276.0,0
2022-11-06,2022,0.0,0.0,0
2022-11-07,2022,0.0,0.0,0
2022-11-08,2022,8049.0,7280.0,0
2022-11-09,2022,0.0,0.0,0
2022-11-10,2022,8055.0,7284.0,0
2022-11-11,2022,8058.0,7286.0,0
2022-11-12,2022,0.0,0.0,0
2022-11-13,2022,0.0,0.0,0
2022-11-14,2022,0.0,0.0,0
2022-11-15,2022,8070.0,7299.0,0
2022-11-16,2022,8074.0,7303.0,0
2022-11-17,2022,8075.0,7307.0,0
2022-11-18,2022,8075.0,7310.0,0
2022-11-19,2022,8080.0,7313.0,0
2022-11-20,2022,0.0,0.0,0
2022-11-21,2022,0.0,0.0,0
2022-11-22,2022,8086.0,7325.0,0
2022-11-23,2022,8088.0,7328.0,0
2022-11-24,2022,8092.0,7335.0,0
2022-11-25,2022,0.0,0.0,0
2022-11-26,2022,0.0,0.0,0
2022-11-27,2022,0.0,0.0,0
2022-11-28,2022,0.0,0.0,0
2022-11-29,2022,8104.0,7346.0,0
2022-11-30,2022,8110.0,7350.0,0
2022-12-01,2022,8113.0,7358.0,0
2022-12-02,2022,8116.0,7358.0,0
2022-12-03,2022,8119.0,7363.0,0
2022-12-04,2022,0.0,0.0,0
2022-12-05,2022,0.0,0.0,0
2022-12-06,2022,8131.0,7370.0,0
2022-12-07,2022,8137.0,7374.0,0
2022-12-08,2022,8138.0,7380.0,0
2022-12-09,2022,8140.0,7386.0,0
2022-12-10,2022,8143.0,7391.0,0
2022-12-11,2022,0.0,0.0,0
2022-12-12,2022,0.0,0.0,0
2022-12-13,2022,8156.0,7395.0,0
2022-12-14,2022,8159.0,7397.0,0
2022-12-15,2022,8163.0,7404.0,0
2022-12-16,2022,8168.0,7407.0,0
2022-12-17,2022,8169.0,7408.0,0
2022-12-18,2022,0.0,0.0,0
2022-12-19,2022,0.0,0.0,0
2022-12-20,2022,8184.0,7421.0,0
2022-12-21,2022,8189.0,7425.0,0
2022-12-22,2022,8193.0,7431.0,0
2022-12-23,2022,8196.0,7435.0,0
2022-12-24,2022,0.0,0.0,0
2022-12-25,2022,0.0,0.0,0
2022-12-26,2022,0.0,0.0,0
2022-12-27,2022,0.0,0.0,0
2022-12-28,2022,8211.0,7453.0,0
2022-12-29,2022,8220.0,7458.0,0
2022-12-30,2022,8225.0,7466.0,0
2022-12-31,2022,8231.0,7466.0,0
2023-01-01,2023,0.0,0.0,0
2023-01-02,2023,0.0,0.0,0
2023-01-03,2023,0.0,0.0,0
2023-01-04,2023,8250.0,7482.0,0
2023-01-05,2023,8259.0,7490.0,0
2023-01-06,2023,8264.0,7498.0,0
2023-01-07,2023,8268.0,7505.0,0
2023-01-08,2023,0.0,0.0,0
2023-01-09,2023,0.0,0.0,0
2023-01-10,2023,8282.0,7518.0,0
2023-01-11,2023,8285.0,7524.0,0
2023-01-12,2023,8288.0,7528.0,0
2023-01-13,2023,8292.0,7537.0,0
2023-01-14,2023,8297.0,7546.0,0
2023-01-15,2023,0.0,0.0,0
2023-01-16,2023,0.0,0.0,0
2023-01-17,2023,0.0,0.0,0
2023-01-18,2023,8316.0,7566.0,0
2023-01-19,2023,8320.0,7569.0,0
2023-01-20,2023,8325.0,7573.0,0
2023-01-21,2023,8338.0,7578.0,0
2023-01-22,2023,0.0,0.0,0
2023-01-23,2023,0.0,0.0,0
2023-01-24,2023,8351.0,7589.0,0
2023-01-25,2023,8356.0,7591.0,0
2023-01-26,2023,8357.0,7595.0,0
2023-01-27,2023,8362.0,7600.0,0
2023-01-28,2023,8368.0,7603.0,0
2023-01-29,2023,0.0,0.0,0
2023-01-30,2023,0.0,0.0,0
2023-01-31,2023,8376.0,7611.0,0
2023-02-01,2023,8382.0,7618.0,0
2023-02-02,2023,8387.0,7625.0,0
2023-02-03,2023,8392.0,7629.0,0
2023-02-04,2023,8402.0,7633.0,0
2023-02-05,2023,0.0,0.0,0
2023-02-06,2023,0.0,0.0,0
2023-02-07,2023,8411.0,7643.0,0
2023-02-08,2023,8418.0,7644.0,0
2023-02-09,2023,8422.0,7646.0,0
2023-02-10,2023,8427.0,7651.0,0
2023-02-11,2023,8430.0,7654.0,0
2023-02-12,2023,0.0,0.0,0
2023-02-13,2023,0.0,0.0,0
2023-02-14,2023,8445.0,7665.0,0
2023-02-15,2023,8448.0,7670.0,0
2023-02-16,2023,8449.0,7673.0,0
2023-02-17,2023,8453.0,7679.0,0
2023-02-18,2023,8455.0,7680.0,0
2023-02-19,2023,0.0,0.0,0
2023-02-20,2023,0.0,0.0,0
2023-02-21,2023,0.0,0.0,0
2023-02-22,2023,8470.0,7692.0,0
2023-02-23,2023,8471.0,7693.0,0
2023-02-24,2023,8477.0,7695.0,0
2023-02-25,2023,8482.0,7700.0,0
2023-02-26,2023,0.0,0.0,0
2023-02-27,2023,0.0,0.0,0
2023-02-28,2023,8490.0,7709.0,0
2023-03-01,2023,8497.0,7715.0,0
2023-03-02,2023,8502.0,7721.0,0
2023-03-03,2023,8504.0,7725.0,0
2023-03-04,2023,8511.0,7725.0,0
2023-03-05,2023,0.0,0.0,0
2023-03-06,2023,0.0,0.0,0
2023-03-07,2023,8521.0,7729.0,0
2023-03-08,2023,8524.0,7734.0,0
2023-03-09,2023,8530.0,7737.0,0
2023-03-10,2023,8531.0,7740.0,0
2023-03-11,2023,8532.0,7744.0,0
2023-03-12,2023,0.0,0.0,0
2023-03-13,2023,0.0,0.0,0
2023-03-14,2023,8539.0,7751.0,0
2023-03-15,2023,8540.0,7753.0,0
2023-03-16,2023,8544.0,7754.0,0
2023-03-17,2023,8548.0,7758.0,0
2023-03-18,2023,8549.0,7760.0,0
2023-03-19,2023,0.0,0.0,0
2023-03-20,2023,0.0,0.0,0
2023-03-21,2023,8553.0,7765.0,0
2023-03-22,2023,8556.0,7770.0,0
2023-03-23,2023,8557.0,7773.0,0
2023-03-24,2023,8559.0,7774.0,0
2023-03-25,2023,8560.0,7776.0,0
2023-03-26,2023,0.0,0.0,0
2023-03-27,2023,0.0,0.0,0
2023-03-28,2023,8568.0,7780.0,0
2023-03-29,2023,8570.0,7782.0,0
2023-03-30,2023,8571.0,7786.0,0
2023-03-31,2023,8572.0,7787.0,0
2023-04-01,2023,8575.0,7788.0,0
2023-04-02,2023,0.0,0.0,0
2023-04-03,2023,0.0,0.0,0
2023-04-04,2023,8583.0,7792.0,0
2023-04-05,2023,8582.0,7793.0,0
2023-04-06,2023,8583.0,7794.0,0
2023-04-07,2023,8586.0,7797.0,0
2023-04-08,2023,8586.0,7800.0,0
2023-04-09,2023,0.0,0.0,0
2023-04-10,2023,0.0,0.0,0
2023-04-11,2023,8588.0,7805.0,0
2023-04-12,2023,8592.0,7808.0,0
2023-04-13,2023,8596.0,7808.0,0
2023-04-14,2023,8598.0,7810.0,0
2023-04-15,2023,8598.0,7813.0,0
2023-04-16,2023,0.0,0.0,0
2023-04-17,2023,0.0,0.0,0
2023-04-18,2023,8601.0,7816.0,0
2023-04-19,2023,8604.0,7818.0,0
2023-04-20,2023,8606.0,7819.0,0
2023-04-21,2023,8605.0,7820.0,0
2023-04-22,2023,8606.0,7820.0,0
2023-04-23,2023,0.0,0.0,0
2023-04-24,2023,0.0,0.0,0
2023-04-25,2023,8607.0,7822.0,0
2023-04-26,2023,8609.0,7824.0,0
2023-04-27,2023,8611.0,7824.0,0
2023-04-28,2023,8611.0,7828.0,0
2023-04-29,2023,8613.0,7831.0,0
2023-04-30,2023,0.0,0.0,0
2023-05-01,2023,0.0,0.0,0
2023-05-02,2023,8617.0,7833.0,0
2023-05-03,2023,8619.0,7834.0,0
2023-05-04,2023,8619.0,7834.0,0
2023-05-05,2023,8621.0,7834.0,0
2023-05-06,2023,8621.0,7836.0,0
2023-05-07,2023,0.0,0.0,0
2023-05-08,2023,0.0,0.0,0
2023-05-09,2023,8625.0,7837.0,0
2023-05-10,2023,8626.0,7838.0,0
2023-05-11,2023,8625.0,7838.0,0
2023-05-12,2023,8626.0,7838.0,0
2023-05-13,2023,8627.0,7838.0,0
2023-05-14,2023,0.0,0.0,0
2023-05-15,2023,0.0,0.0,0
2023-05-16,2023,8629.0,7840.0,0
2023-05-17,2023,8630.0,7842.0,0
2023-05-18,2023,8630.0,7842.0,0
2023-05-19,2023,8632.0,7841.0,0
2023-05-20,2023,8633.0,7842.0,0
2023-05-21,2023,0.0,0.0,0
2023-05-22,2023,0.0,0.0,0
2023-05-23,2023,8636.0,7844.0,0
2023-05-24,2023,8638.0,7844.0,0
2023-05-25,2023,8638.0,7844.0,0
2023-05-26,2023,8638.0,7845.0,0
2023-05-27,2023,8641.0,7846.0,0
2023-05-28,2023,0.0,0.0,0
2023-05-29,2023,0.0,0.0,0
2023-05-30,2023,0.0,0.0,0
2023-05-31,2023,8643.0,7846.0,0
2023-06-01,2023,8643.0,7847.0,0
2023-06-02,2023,8644.0,7848.0,0
2023-06-03,2023,8645.0,7848.0,0
2023-06-04,2023,0.0,0.0,0
2023-06-05,2023,0.0,0.0,0
2023-06-06,2023,8645.0,7849.0,0
2023-06-07,2023,8646.0,7849.0,0
2023-06-08,2023,8646.0,7851.0,0
2023-06-09,2023,8647.0,7852.0,0
2023-06-10,2023,8649.0,7853.0,0
2023-06-11,2023,0.0,0.0,0
2023-06-12,2023,0.0,0.0,0
2023-06-13,2023,8650.0,7856.0,0
2023-06-14,2023,8652.0,7857.0,0
2023-06-15,2023,8654.0,7859.0,0
2023-06-16,2023,8654.0,7861.0,0
2023-06-17,2023,8654.0,7862.0,0
2023-06-18,2023,0.0,0.0,0
2023-06-19,2023,0.0,0.0,0
2023-06-20,2023,0.0,0.0,0
2023-06-21,2023,8658.0,7866.0,0
2023-06-22,2023,8658.0,7866.0,0
2023-06-23,2023,8660.0,7868.0,0
2023-06-24,2023,8660.0,7869.0,0
2023-06-25,2023,0.0,0.0,0
2023-06-26,2023,0.0,0.0,0
2023-06-27,2023,8661.0,7869.0,0
2023-06-28,2023,8662.0,7869.0,0
2023-06-29,2023,8663.0,7870.0,0
2023-06-30,2023,8664.0,7871.0,0
2023-07-01,2023,8664.0,7871.0,0
2023-07-02,2023,0.0,0.0,0
2023-07-03,2023,0.0,0.0,0
2023-07-04,2023,8666.0,7871.0,0
2023-07-05,2023,0.0,0.0,0
2023-07-06,2023,8668.0,7873.0,0
2023-07-07,2023,8669.0,7873.0,0
2023-07-08,2023,8669.0,7873.0,0
2023-07-09,2023,0.0,0.0,0
2023-07-10,2023,0.0,0.0,0
2023-07-11,2023,8673.0,7875.0,0
2023-07-12,2023,8674.0,7877.0,0
2023-07-13,2023,8674.0,7877.0,0
2023-07-14,2023,8674.0,7878.0,0
2023-07-15,2023,8675.0,7878.0,0
2023-07-16,2023,0.0,0.0,0
2023-07-17,2023,0.0,0.0,0
2023-07-18,2023,8676.0,7878.0,0
2023-07-19,2023,8677.0,7878.0,0
2023-07-20,2023,8677.0,7880.0,0
2023-07-21,2023,8678.0,7880.0,0
2023-07-22,2023,8679.0,7882.0,0
2023-07-23,2023,0.0,0.0,0
2023-07-24,2023,0.0,0.0,0
2023-07-25,2023,8680.0,7884.0,0
2023-07-26,2023,8680.0,7886.0,0
2023-07-27,2023,8681.0,7886.0,0
2023-07-28,2023,8682.0,7887.0,0
2023-07-29,2023,8683.0,7887.0,0
2023-07-30,2023,0.0,0.0,0
2023-07-31,2023,0.0,0.0,0
2023-08-01,2023,8684.0,7887.0,0
2023-08-02,2023,8684.0,7889.0,0
2023-08-03,2023,8684.0,7889.0,0
2023-08-04,2023,8684.0,7890.0,0
2023-08-05,2023,8686.0,7890.0,0
2023-08-06,2023,0.0,0.0,0
2023-08-07,2023,0.0,0.0,0
2023-08-08,2023,8688.0,7893.0,0
2023-08-09,2023,8690.0,7894.0,0
2023-08-10,2023,8689.0,7897.0,0
2023-08-11,2023,8690.0,7898.0,0
2023-08-12,2023,8690.0,7900.0,0
2023-08-13,2023,0.0,0.0,0
2023-08-14,2023,0.0,0.0,0
2023-08-15,2023,8692.0,7903.0,0
2023-08-16,2023,8692.0,7906.0,0
2023-08-17,2023,8695.0,7907.0,0
2023-08-18,2023,8697.0,7907.0,0
2023-08-19,2023,8698.0,7909.0,0
2023-08-20,2023,0.0,0.0,0
2023-08-21,2023,0.0,0.0,0
2023-08-22,2023,8707.0,7918.0,0
2023-08-23,2023,8706.0,7920.0,0
2023-08-24,2023,8707.0,7921.0,0
2023-08-25,2023,8710.0,7921.0,0
2023-08-26,2023,8712.0,7922.0,0
2023-08-27,2023,0.0,0.0,0
2023-08-28,2023,0.0,0.0,0
2023-08-29,2023,8714.0,7923.0,0
2023-08-30,2023,8714.0,7924.0,0
2023-08-31,2023,8716.0,7924.0,0
2023-09-01,2023,8717.0,7927.0,0
2023-09-02,2023,8718.0,7927.0,0
2023-09-03,2023,0.0,0.0,0
2023-09-04,2023,0.0,0.0,0
2023-09-05,2023,0.0,0.0,0
2023-09-06,2023,8720.0,7931.0,0
2023-09-07,2023,8721.0,7933.0,0
2023-09-08,2023,8723.0,7933.0,0
2023-09-09,2023,8727.0,7933.0,0
2023-09-10,2023,0.0,0.0,0
2023-09-11,2023,0.0,0.0,0
2023-09-12,2023,8729.0,7936.0,0
2023-09-13,2023,8732.0,7943.0,0
2023-09-14,2023,8733.0,7947.0,0
2023-09-15,2023,8736.0,7950.0,0
2023-09-16,2023,8737.0,7951.0,0
2023-09-17,2023,0.0,0.0,0
2023-09-18,2023,0.0,0.0,0
2023-09-19,2023,8743.0,7954.0,0
2023-09-20,2023,8746.0,7955.0,0
2023-09-21,2023,8748.0,7957.0,0
2023-09-22,2023,8751.0,7958.0,0
2023-09-23,2023,8755.0,7959.0,0
2023-09-24,2023,0.0,0.0,0
2023-09-25,2023,0.0,0.0,0
2023-09-26,2023,8757.0,7964.0,0
2023-09-27,2023,8761.0,7965.0,0
2023-09-28,2023,8761.0,7965.0,0
2023-09-29,2023,8760.0,7966.0,0
2023-09-30,2023,8763.0,7967.0,0
2023-10-01,2023,0.0,0.0,0
2023-10-02,2023,0.0,0.0,0
2023-10-03,2023,8767.0,7968.0,0
2023-10-04,2023,8771.0,7969.0,0
2023-10-05,2023,8776.0,7971.0,0
2023-10-06,2023,8777.0,7971.0,0
2023-10-07,2023,8778.0,7974.0,0
2023-10-08,2023,0.0,0.0,0
2023-10-09,2023,0.0,0.0,0
2023-10-10,2023,0.0,0.0,0
2023-10-11,2023,8785.0,7979.0,0
2023-10-12,2023,8785.0,7981.0,0
2023-10-13,2023,8789.0,7982.0,0
2023-10-14,2023,8792.0,7983.0,0
2023-10-15,2023,0.0,0.0,0
2023-10-16,2023,0.0,0.0,0
2023-10-17,2023,8798.0,7991.0,0
2023-10-18,2023,8799.0,7994.0,0
2023-10-19,2023,8800.0,7995.0,0
2023-10-20,2023,8802.0,7996.0,0
2023-10-21,2023,8803.0,7999.0,0
2023-10-22,2023,0.0,0.0,0
2023-10-23,2023,0.0,0.0,0
2023-10-24,2023,8806.0,8003.0,0
2023-10-25,2023,8808.0,8003.0,0
2023-10-26,2023,8811.0,8003.0,0
2023-10-27,2023,8816.0,8005.0,0
2023-10-28,2023,8816.0,8008.0,0
2023-10-29,2023,0.0,0.0,0
2023-10-30,2023,0.0,0.0,0
2023-10-31,2023,8819.0,8014.0,0
2023-11-01,2023,8819.0,8017.0,0
2023-11-02,2023,8822.0,8019.0,0
2023-11-03,2023,8824.0,8021.0,0
2023-11-04,2023,8826.0,8025.0,0
2023-11-05,2023,0.0,0.0,0
2023-11-06,2023,0.0,0.0,0
2023-11-07,2023,8830.0,8032.0,0
2023-11-08,2023,8834.0,8034.0,0
2023-11-09,2023,8836.0,8035.0,0
2023-11-10,2023,8837.0,8042.0,0
2023-11-11,2023,0.0,0.0,0
2023-11-12,2023,0.0,0.0,0
2023-11-13,2023,0.0,0.0,0
2023-11-14,2023,8847.0,8048.0,0
2023-11-15,2023,8851.0,8052.0,0
2023-11-16,2023,8855.0,8054.0,0
2023-11-17,2023,8856.0,8055.0,0
2023-11-18,2023,8861.0,8057.0,0
2023-11-19,2023,0.0,0.0,0
2023-11-20,2023,0.0,0.0,0
2023-11-21,2023,8866.0,8063.0,0
2023-11-22,2023,8866.0,8074.0,0
2023-11-23,2023,8868.0,8077.0,0
2023-11-24,2023,0.0,0.0,0
2023-11-25,2023,0.0,0.0,0
2023-11-26,2023,0.0,0.0,0
2023-11-27,2023,0.0,0.0,0
2023-11-28,2023,8881.0,8090.0,0
2023-11-29,2023,8887.0,8096.0,0
2023-11-30,2023,8891.0,8100.0,0
2023-12-01,2023,8896.0,8103.0,0
2023-12-02,2023,8899.0,8105.0,0
2023-12-03,2023,0.0,0.0,0
2023-12-04,2023,0.0,0.0,0
2023-12-05,2023,8908.0,8111.0,0
2023-12-06,2023,8910.0,8108.0,0
2023-12-07,2023,8912.0,8112.0,0
2023-12-08,2023,8916.0,8114.0,0
2023-12-09,2023,8918.0,8118.0,0
2023-12-10,2023,0.0,0.0,0
2023-12-11,2023,0.0,0.0,0
2023-12-12,2023,8929.0,8128.0,0
2023-12-13,2023,8932.0,8130.0,0
2023-12-14,2023,8937.0,8131.0,0
2023-12-15,2023,8940.0,8133.0,0
2023-12-16,2023,8944.0,8137.0,0
2023-12-17,2023,0.0,0.0,0
2023-12-18,2023,0.0,0.0,0
2023-12-19,2023,8951.0,8143.0,0
2023-12-20,2023,8954.0,8148.0,0
2023-12-21,2023,8958.0,8150.0,0
2023-12-22,2023,8963.0,8151.0,0
2023-12-23,2023,8966.0,8154.0,0
2023-12-24,2023,0.0,0.0,0
2023-12-25,2023,0.0,0.0,0
2023-12-26,2023,0.0,0.0,0
2023-12-27,2023,8971.0,8161.0,0
2023-12-28,2023,8975.0,8163.0,0
2023-12-29,2023,8983.0,8167.0,0
2023-12-30,2023,8985.0,8171.0,0
2023-12-31,2023,0.0,0.0,0
2024-01-01,2024,0.0,0.0,0
2024-01-02,2024,0.0,0.0,0
2024-01-03,2024,8999.0,8181.0,0
2024-01-04,2024,9003.0,8186.0,0
2024-01-05,2024,9009.0,8192.0,0
2024-01-06,2024,9011.0,8195.0,0
2024-01-07,2024,0.0,0.0,0
2024-01-08,2024,0.0,0.0,0
2024-01-09,2024,9022.0,8205.0,0
2024-01-10,2024,9025.0,8210.0,0
2024-01-11,2024,9027.0,8214.0,0
2024-01-12,2024,9031.0,8216.0,0
2024-01-13,2024,9035.0,8224.0,0
2024-01-14,2024,0.0,0.0,0
2024-01-15,2024,0.0,0.0,0
2024-01-16,2024,0.0,0.0,0
2024-01-17,2024,9045.0,8239.0,0
2024-01-18,2024,9049.0,8240.0,0
2024-01-19,2024,9051.0,8247.0,0
2024-01-20,2024,9054.0,8251.0,0
2024-01-21,2024,0.0,0.0,0
2024-01-22,2024,0.0,0.0,0
2024-01-23,2024,9057.0,8257.0,0
2024-01-24,2024,9061.0,8259.0,0
2024-01-25,2024,9063.0,8264.0,0
2024-01-26,2024,9065.0,8271.0,0
2024-01-27,2024,9067.0,8274.0,0
2024-01-28,2024,0.0,0.0,0
2024-01-29,2024,0.0,0.0,0
2024-01-30,2024,9081.0,8284.0,0
2024-01-31,2024,9084.0,8288.0,0
2024-02-01,2024,9088.0,8294.0,0
2024-02-02,2024,9112.0,8304.0,0
2024-02-03,2024,9117.0,8311.0,0
2024-02-04,2024,0.0,0.0,0
2024-02-05,2024,0.0,0.0,0
2024-02-06,2024,9124.0,8322.0,0
2024-02-07,2024,9127.0,8324.0,0
2024-02-08,2024,9131.0,8326.0,0
2024-02-09,2024,9134.0,8332.0,0
2024-02-10,2024,9134.0,8331.0,0
2024-02-11,2024,0.0,0.0,0
2024-02-12,2024,0.0,0.0,0
2024-02-13,2024,9136.0,8337.0,0
2024-02-14,2024,9138.0,8342.0,0
2024-02-15,2024,9139.0,8345.0,0
2024-02-16,2024,9143.0,8345.0,0
2024-02-17,2024,9142.0,8346.0,0
2024-02-18,2024,0.0,0.0,0
2024-02-19,2024,0.0,0.0,0
2024-02-20,2024,0.0,0.0,0
2024-02-21,2024,9149.0,8351.0,0
2024-02-22,2024,9150.0,8352.0,0
2024-02-23,2024,9152.0,8354.0,0
2024-02-24,2024,9152.0,8355.0,0
2024-02-25,2024,0.0,0.0,0
2024-02-26,2024,0.0,0.0,0
2024-02-27,2024,9158.0,8366.0,0
2024-02-28,2024,9160.0,8368.0,0
2024-02-29,2024,9163.0,8371.0,0
2024-03-01,2024,9164.0,8376.0,0
2024-03-02,2024,9168.0,8378.0,0
2024-03-03,2024,0.0,0.0,0
2024-03-04,2024,0.0,0.0,0
2024-03-05,2024,9174.0,8382.0,0
2024-03-06,2024,9176.0,8386.0,0
2024-03-07,2024,9179.0,8388.0,0
2024-03-08,2024,9178.0,8389.0,0
2024-03-09,2024,9179.0,8393.0,0
2024-03-10,2024,0.0,0.0,0
2024-03-11,2024,0.0,0.0,0
2024-03-12,2024,9181.0,8397.0,0
2024-03-13,2024,9186.0,8398.0,0
2024-03-14,2024,9190.0,8398.0,0
2024-03-15,2024,9192.0,8400.0,0
2024-03-16,2024,9192.0,8402.0,0
2024-03-17,2024,0.0,0.0,0
2024-03-18,2024,0.0,0.0,0
2024-03-19,2024,9196.0,8402.0,0
2024-03-20,2024,9196.0,8405.0,0
2024-03-21,2024,9196.0,8408.0,0
2024-03-22,2024,9198.0,8409.0,0
2024-03-23,2024,9199.0,8410.0,0
2024-03-24,2024,0.0,0.0,0
2024-03-25,2024,0.0,0.0,0
2024-03-26,2024,9203.0,8413.0,0
2024-03-27,2024,9201.0,8415.0,0
2024-03-28,2024,9203.0,8417.0,0
2024-03-29,2024,9203.0,8418.0,0
2024-03-30,2024,9205.0,8417.0,0
2024-03-31,2024,0.0,0.0,0
2024-04-01,2024,0.0,0.0,0
2024-04-02,2024,9210.0,8422.0,0
2024-04-03,2024,9211.0,8422.0,0
2024-04-04,2024,9211.0,8424.0,0
2024-04-05,2024,9213.0,8426.0,0
2024-04-06,2024,9214.0,8428.0,0
2024-04-07,2024,0.0,0.0,0
2024-04-08,2024,0.0,0.0,0
2024-04-09,2024,9216.0,8432.0,0
2024-04-10,2024,9218.0,8433.0,0
2024-04-11,2024,9218.0,8437.0,0
2024-04-12,2024,9221.0,8438.0,0
2024-04-13,2024,9221.0,8438.0,0
2024-04-14,2024,0.0,0.0,0
2024-04-15,2024,0.0,0.0,0
2024-04-16,2024,9223.0,8439.0,0
2024-04-17,2024,9224.0,8439.0,0
2024-04-18,2024,9226.0,8441.0,0
2024-04-19,2024,9227.0,8444.0,0
2024-04-20,2024,9227.0,8445.0,0
2024-04-21,2024,0.0,0.0,0
2024-04-22,2024,0.0,0.0,0
2024-04-23,2024,9230.0,8445.0,0
2024-04-24,2024,9232.0,8445.0,0
2024-04-25,2024,9234.0,8447.0,0
2024-04-26,2024,9234.0,8448.0,0
2024-04-27,2024,9233.0,8449.0,0
2024-04-28,2024,0.0,0.0,0
2024-04-29,2024,0.0,0.0,0
2024-04-30,2024,9236.0,8449.0,0
2024-05-01,2024,9236.0,8450.0,0
2024-05-02,2024,9237.0,8451.0,0
2024-05-03,2024,9238.0,8451.0,0
2024-05-04,2024,9240.0,8452.0,0
2024-05-05,2024,0.0,0.0,0
2024-05-06,2024,0.0,0.0,0
2024-05-07,2024,9242.0,8454.0,0
2024-05-08,2024,9243.0,8454.0,0
2024-05-09,2024,9243.0,8455.0,0
2024-05-10,2024,9243.0,8456.0,0
2024-05-11,2024,9244.0,8457.0,0
2024-05-12,2024,0.0,0.0,0
2024-05-13,2024,0.0,0.0,0
2024-05-14,2024,9247.0,8457.0,0
2024-05-15,2024,9248.0,8458.0,0
2024-05-16,2024,9248.0,8458.0,0
2024-05-17,2024,9249.0,8458.0,0
2024-05-18,2024,9251.0,8459.0,0
2024-05-19,2024,0.0,0.0,0
2024-05-20,2024,0.0,0.0,0
2024-05-21,2024,9252.0,8462.0,0
2024-05-22,2024,9252.0,8462.0,0
2024-05-23,2024,9252.0,8463.0,0
2024-05-24,2024,9253.0,8465.0,0
2024-05-25,2024,9255.0,8465.0,0
2024-05-26,2024,0.0,0.0,0
2024-05-27,2024,0.0,0.0,0
2024-05-28,2024,0.0,0.0,0
2024-05-29,2024,9257.0,8470.0,0
2024-05-30,2024,9257.0,8471.0,0
2024-05-31,2024,9257.0,8471.0,0
2024-06-01,2024,9259.0,8473.0,0
2024-06-02,2024,0.0,0.0,0
2024-06-03,2024,0.0,0.0,0
2024-06-04,2024,9260.0,8475.0,0
2024-06-05,2024,9263.0,8474.0,0
2024-06-06,2024,9265.0,8474.0,0
2024-06-07,2024,9268.0,8474.0,0
2024-06-08,2024,9268.0,8474.0,0
2024-06-09,2024,0.0,0.0,0
2024-06-10,2024,0.0,0.0,0
2024-06-11,2024,9268.0,8475.0,0
